segment_id,instrument_id,instrument,recording_number,recording_id,source_path,start_seconds,duration_seconds,fold,published_split
erhu_r1_s001,1,Erhu,1,erhu_r1,data/raw/ChMusic/Musics/1.1.wav,0.0,5.0,1,train
erhu_r1_s002,1,Erhu,1,erhu_r1,data/raw/ChMusic/Musics/1.1.wav,5.0,5.0,1,train
erhu_r1_s003,1,Erhu,1,erhu_r1,data/raw/ChMusic/Musics/1.1.wav,10.0,5.0,1,train
erhu_r1_s004,1,Erhu,1,erhu_r1,data/raw/ChMusic/Musics/1.1.wav,15.0,5.0,1,train
erhu_r1_s005,1,Erhu,1,erhu_r1,data/raw/ChMusic/Musics/1.1.wav,20.0,5.0,1,train
erhu_r1_s006,1,Erhu,1,erhu_r1,data/raw/ChMusic/Musics/1.1.wav,25.0,5.0,1,train
erhu_r1_s007,1,Erhu,1,erhu_r1,data/raw/ChMusic/Musics/1.1.wav,30.0,5.0,1,train
erhu_r1_s008,1,Erhu,1,erhu_r1,data/raw/ChMusic/Musics/1.1.wav,35.0,5.0,1,train
erhu_r1_s009,1,Erhu,1,erhu_r1,data/raw/ChMusic/Musics/1.1.wav,40.0,5.0,1,train
erhu_r1_s010,1,Erhu,1,erhu_r1,data/raw/ChMusic/Musics/1.1.wav,45.0,5.0,1,train
erhu_r1_s011,1,Erhu,1,erhu_r1,data/raw/ChMusic/Musics/1.1.wav,50.0,5.0,1,train
erhu_r1_s012,1,Erhu,1,erhu_r1,data/raw/ChMusic/Musics/1.1.wav,55.0,5.0,1,train
erhu_r1_s013,1,Erhu,1,erhu_r1,data/raw/ChMusic/Musics/1.1.wav,60.0,5.0,1,train
erhu_r1_s014,1,Erhu,1,erhu_r1,data/raw/ChMusic/Musics/1.1.wav,65.0,5.0,1,train
erhu_r1_s015,1,Erhu,1,erhu_r1,data/raw/ChMusic/Musics/1.1.wav,70.0,5.0,1,train
erhu_r1_s016,1,Erhu,1,erhu_r1,data/raw/ChMusic/Musics/1.1.wav,75.0,5.0,1,train
erhu_r1_s017,1,Erhu,1,erhu_r1,data/raw/ChMusic/Musics/1.1.wav,80.0,5.0,1,train
erhu_r1_s018,1,Erhu,1,erhu_r1,data/raw/ChMusic/Musics/1.1.wav,85.0,5.0,1,train
erhu_r1_s019,1,Erhu,1,erhu_r1,data/raw/ChMusic/Musics/1.1.wav,90.0,5.0,1,train
erhu_r1_s020,1,Erhu,1,erhu_r1,data/raw/ChMusic/Musics/1.1.wav,95.0,5.0,1,train
erhu_r1_s021,1,Erhu,1,erhu_r1,data/raw/ChMusic/Musics/1.1.wav,100.0,5.0,1,train
erhu_r1_s022,1,Erhu,1,erhu_r1,data/raw/ChMusic/Musics/1.1.wav,105.0,5.0,1,train
erhu_r1_s023,1,Erhu,1,erhu_r1,data/raw/ChMusic/Musics/1.1.wav,110.0,5.0,1,train
erhu_r1_s024,1,Erhu,1,erhu_r1,data/raw/ChMusic/Musics/1.1.wav,115.0,5.0,1,train
erhu_r1_s025,1,Erhu,1,erhu_r1,data/raw/ChMusic/Musics/1.1.wav,120.0,5.0,1,train
erhu_r1_s026,1,Erhu,1,erhu_r1,data/raw/ChMusic/Musics/1.1.wav,125.0,5.0,1,train
erhu_r2_s001,1,Erhu,2,erhu_r2,data/raw/ChMusic/Musics/1.2.wav,0.0,5.0,2,train
erhu_r2_s002,1,Erhu,2,erhu_r2,data/raw/ChMusic/Musics/1.2.wav,5.0,5.0,2,train
erhu_r2_s003,1,Erhu,2,erhu_r2,data/raw/ChMusic/Musics/1.2.wav,10.0,5.0,2,train
erhu_r2_s004,1,Erhu,2,erhu_r2,data/raw/ChMusic/Musics/1.2.wav,15.0,5.0,2,train
erhu_r2_s005,1,Erhu,2,erhu_r2,data/raw/ChMusic/Musics/1.2.wav,20.0,5.0,2,train
erhu_r2_s006,1,Erhu,2,erhu_r2,data/raw/ChMusic/Musics/1.2.wav,25.0,5.0,2,train
erhu_r2_s007,1,Erhu,2,erhu_r2,data/raw/ChMusic/Musics/1.2.wav,30.0,5.0,2,train
erhu_r2_s008,1,Erhu,2,erhu_r2,data/raw/ChMusic/Musics/1.2.wav,35.0,5.0,2,train
erhu_r2_s009,1,Erhu,2,erhu_r2,data/raw/ChMusic/Musics/1.2.wav,40.0,5.0,2,train
erhu_r2_s010,1,Erhu,2,erhu_r2,data/raw/ChMusic/Musics/1.2.wav,45.0,5.0,2,train
erhu_r2_s011,1,Erhu,2,erhu_r2,data/raw/ChMusic/Musics/1.2.wav,50.0,5.0,2,train
erhu_r2_s012,1,Erhu,2,erhu_r2,data/raw/ChMusic/Musics/1.2.wav,55.0,5.0,2,train
erhu_r2_s013,1,Erhu,2,erhu_r2,data/raw/ChMusic/Musics/1.2.wav,60.0,5.0,2,train
erhu_r2_s014,1,Erhu,2,erhu_r2,data/raw/ChMusic/Musics/1.2.wav,65.0,5.0,2,train
erhu_r2_s015,1,Erhu,2,erhu_r2,data/raw/ChMusic/Musics/1.2.wav,70.0,5.0,2,train
erhu_r2_s016,1,Erhu,2,erhu_r2,data/raw/ChMusic/Musics/1.2.wav,75.0,5.0,2,train
erhu_r2_s017,1,Erhu,2,erhu_r2,data/raw/ChMusic/Musics/1.2.wav,80.0,5.0,2,train
erhu_r2_s018,1,Erhu,2,erhu_r2,data/raw/ChMusic/Musics/1.2.wav,85.0,5.0,2,train
erhu_r3_s001,1,Erhu,3,erhu_r3,data/raw/ChMusic/Musics/1.3.wav,0.0,5.0,3,train
erhu_r3_s002,1,Erhu,3,erhu_r3,data/raw/ChMusic/Musics/1.3.wav,5.0,5.0,3,train
erhu_r3_s003,1,Erhu,3,erhu_r3,data/raw/ChMusic/Musics/1.3.wav,10.0,5.0,3,train
erhu_r3_s004,1,Erhu,3,erhu_r3,data/raw/ChMusic/Musics/1.3.wav,15.0,5.0,3,train
erhu_r3_s005,1,Erhu,3,erhu_r3,data/raw/ChMusic/Musics/1.3.wav,20.0,5.0,3,train
erhu_r3_s006,1,Erhu,3,erhu_r3,data/raw/ChMusic/Musics/1.3.wav,25.0,5.0,3,train
erhu_r3_s007,1,Erhu,3,erhu_r3,data/raw/ChMusic/Musics/1.3.wav,30.0,5.0,3,train
erhu_r3_s008,1,Erhu,3,erhu_r3,data/raw/ChMusic/Musics/1.3.wav,35.0,5.0,3,train
erhu_r3_s009,1,Erhu,3,erhu_r3,data/raw/ChMusic/Musics/1.3.wav,40.0,5.0,3,train
erhu_r3_s010,1,Erhu,3,erhu_r3,data/raw/ChMusic/Musics/1.3.wav,45.0,5.0,3,train
erhu_r3_s011,1,Erhu,3,erhu_r3,data/raw/ChMusic/Musics/1.3.wav,50.0,5.0,3,train
erhu_r3_s012,1,Erhu,3,erhu_r3,data/raw/ChMusic/Musics/1.3.wav,55.0,5.0,3,train
erhu_r3_s013,1,Erhu,3,erhu_r3,data/raw/ChMusic/Musics/1.3.wav,60.0,5.0,3,train
erhu_r3_s014,1,Erhu,3,erhu_r3,data/raw/ChMusic/Musics/1.3.wav,65.0,5.0,3,train
erhu_r3_s015,1,Erhu,3,erhu_r3,data/raw/ChMusic/Musics/1.3.wav,70.0,5.0,3,train
erhu_r3_s016,1,Erhu,3,erhu_r3,data/raw/ChMusic/Musics/1.3.wav,75.0,5.0,3,train
erhu_r3_s017,1,Erhu,3,erhu_r3,data/raw/ChMusic/Musics/1.3.wav,80.0,5.0,3,train
erhu_r3_s018,1,Erhu,3,erhu_r3,data/raw/ChMusic/Musics/1.3.wav,85.0,5.0,3,train
erhu_r3_s019,1,Erhu,3,erhu_r3,data/raw/ChMusic/Musics/1.3.wav,90.0,5.0,3,train
erhu_r3_s020,1,Erhu,3,erhu_r3,data/raw/ChMusic/Musics/1.3.wav,95.0,5.0,3,train
erhu_r3_s021,1,Erhu,3,erhu_r3,data/raw/ChMusic/Musics/1.3.wav,100.0,5.0,3,train
erhu_r3_s022,1,Erhu,3,erhu_r3,data/raw/ChMusic/Musics/1.3.wav,105.0,5.0,3,train
erhu_r3_s023,1,Erhu,3,erhu_r3,data/raw/ChMusic/Musics/1.3.wav,110.0,5.0,3,train
erhu_r4_s001,1,Erhu,4,erhu_r4,data/raw/ChMusic/Musics/1.4.wav,0.0,5.0,4,train
erhu_r4_s002,1,Erhu,4,erhu_r4,data/raw/ChMusic/Musics/1.4.wav,5.0,5.0,4,train
erhu_r4_s003,1,Erhu,4,erhu_r4,data/raw/ChMusic/Musics/1.4.wav,10.0,5.0,4,train
erhu_r4_s004,1,Erhu,4,erhu_r4,data/raw/ChMusic/Musics/1.4.wav,15.0,5.0,4,train
erhu_r4_s005,1,Erhu,4,erhu_r4,data/raw/ChMusic/Musics/1.4.wav,20.0,5.0,4,train
erhu_r4_s006,1,Erhu,4,erhu_r4,data/raw/ChMusic/Musics/1.4.wav,25.0,5.0,4,train
erhu_r4_s007,1,Erhu,4,erhu_r4,data/raw/ChMusic/Musics/1.4.wav,30.0,5.0,4,train
erhu_r4_s008,1,Erhu,4,erhu_r4,data/raw/ChMusic/Musics/1.4.wav,35.0,5.0,4,train
erhu_r4_s009,1,Erhu,4,erhu_r4,data/raw/ChMusic/Musics/1.4.wav,40.0,5.0,4,train
erhu_r4_s010,1,Erhu,4,erhu_r4,data/raw/ChMusic/Musics/1.4.wav,45.0,5.0,4,train
erhu_r4_s011,1,Erhu,4,erhu_r4,data/raw/ChMusic/Musics/1.4.wav,50.0,5.0,4,train
erhu_r4_s012,1,Erhu,4,erhu_r4,data/raw/ChMusic/Musics/1.4.wav,55.0,5.0,4,train
erhu_r4_s013,1,Erhu,4,erhu_r4,data/raw/ChMusic/Musics/1.4.wav,60.0,5.0,4,train
erhu_r4_s014,1,Erhu,4,erhu_r4,data/raw/ChMusic/Musics/1.4.wav,65.0,5.0,4,train
erhu_r4_s015,1,Erhu,4,erhu_r4,data/raw/ChMusic/Musics/1.4.wav,70.0,5.0,4,train
erhu_r4_s016,1,Erhu,4,erhu_r4,data/raw/ChMusic/Musics/1.4.wav,75.0,5.0,4,train
erhu_r4_s017,1,Erhu,4,erhu_r4,data/raw/ChMusic/Musics/1.4.wav,80.0,5.0,4,train
erhu_r4_s018,1,Erhu,4,erhu_r4,data/raw/ChMusic/Musics/1.4.wav,85.0,5.0,4,train
erhu_r4_s019,1,Erhu,4,erhu_r4,data/raw/ChMusic/Musics/1.4.wav,90.0,5.0,4,train
erhu_r4_s020,1,Erhu,4,erhu_r4,data/raw/ChMusic/Musics/1.4.wav,95.0,5.0,4,train
erhu_r5_s001,1,Erhu,5,erhu_r5,data/raw/ChMusic/Musics/1.5.wav,0.0,5.0,5,test
erhu_r5_s002,1,Erhu,5,erhu_r5,data/raw/ChMusic/Musics/1.5.wav,5.0,5.0,5,test
erhu_r5_s003,1,Erhu,5,erhu_r5,data/raw/ChMusic/Musics/1.5.wav,10.0,5.0,5,test
erhu_r5_s004,1,Erhu,5,erhu_r5,data/raw/ChMusic/Musics/1.5.wav,15.0,5.0,5,test
erhu_r5_s005,1,Erhu,5,erhu_r5,data/raw/ChMusic/Musics/1.5.wav,20.0,5.0,5,test
erhu_r5_s006,1,Erhu,5,erhu_r5,data/raw/ChMusic/Musics/1.5.wav,25.0,5.0,5,test
erhu_r5_s007,1,Erhu,5,erhu_r5,data/raw/ChMusic/Musics/1.5.wav,30.0,5.0,5,test
erhu_r5_s008,1,Erhu,5,erhu_r5,data/raw/ChMusic/Musics/1.5.wav,35.0,5.0,5,test
erhu_r5_s009,1,Erhu,5,erhu_r5,data/raw/ChMusic/Musics/1.5.wav,40.0,5.0,5,test
erhu_r5_s010,1,Erhu,5,erhu_r5,data/raw/ChMusic/Musics/1.5.wav,45.0,5.0,5,test
erhu_r5_s011,1,Erhu,5,erhu_r5,data/raw/ChMusic/Musics/1.5.wav,50.0,5.0,5,test
erhu_r5_s012,1,Erhu,5,erhu_r5,data/raw/ChMusic/Musics/1.5.wav,55.0,5.0,5,test
erhu_r5_s013,1,Erhu,5,erhu_r5,data/raw/ChMusic/Musics/1.5.wav,60.0,5.0,5,test
erhu_r5_s014,1,Erhu,5,erhu_r5,data/raw/ChMusic/Musics/1.5.wav,65.0,5.0,5,test
erhu_r5_s015,1,Erhu,5,erhu_r5,data/raw/ChMusic/Musics/1.5.wav,70.0,5.0,5,test
erhu_r5_s016,1,Erhu,5,erhu_r5,data/raw/ChMusic/Musics/1.5.wav,75.0,5.0,5,test
erhu_r5_s017,1,Erhu,5,erhu_r5,data/raw/ChMusic/Musics/1.5.wav,80.0,5.0,5,test
erhu_r5_s018,1,Erhu,5,erhu_r5,data/raw/ChMusic/Musics/1.5.wav,85.0,5.0,5,test
erhu_r5_s019,1,Erhu,5,erhu_r5,data/raw/ChMusic/Musics/1.5.wav,90.0,5.0,5,test
erhu_r5_s020,1,Erhu,5,erhu_r5,data/raw/ChMusic/Musics/1.5.wav,95.0,5.0,5,test
erhu_r5_s021,1,Erhu,5,erhu_r5,data/raw/ChMusic/Musics/1.5.wav,100.0,5.0,5,test
erhu_r5_s022,1,Erhu,5,erhu_r5,data/raw/ChMusic/Musics/1.5.wav,105.0,5.0,5,test
erhu_r5_s023,1,Erhu,5,erhu_r5,data/raw/ChMusic/Musics/1.5.wav,110.0,5.0,5,test
erhu_r5_s024,1,Erhu,5,erhu_r5,data/raw/ChMusic/Musics/1.5.wav,115.0,5.0,5,test
erhu_r5_s025,1,Erhu,5,erhu_r5,data/raw/ChMusic/Musics/1.5.wav,120.0,5.0,5,test
erhu_r5_s026,1,Erhu,5,erhu_r5,data/raw/ChMusic/Musics/1.5.wav,125.0,5.0,5,test
pipa_r1_s001,2,Pipa,1,pipa_r1,data/raw/ChMusic/Musics/2.1.wav,0.0,5.0,1,train
pipa_r1_s002,2,Pipa,1,pipa_r1,data/raw/ChMusic/Musics/2.1.wav,5.0,5.0,1,train
pipa_r1_s003,2,Pipa,1,pipa_r1,data/raw/ChMusic/Musics/2.1.wav,10.0,5.0,1,train
pipa_r1_s004,2,Pipa,1,pipa_r1,data/raw/ChMusic/Musics/2.1.wav,15.0,5.0,1,train
pipa_r1_s005,2,Pipa,1,pipa_r1,data/raw/ChMusic/Musics/2.1.wav,20.0,5.0,1,train
pipa_r1_s006,2,Pipa,1,pipa_r1,data/raw/ChMusic/Musics/2.1.wav,25.0,5.0,1,train
pipa_r1_s007,2,Pipa,1,pipa_r1,data/raw/ChMusic/Musics/2.1.wav,30.0,5.0,1,train
pipa_r1_s008,2,Pipa,1,pipa_r1,data/raw/ChMusic/Musics/2.1.wav,35.0,5.0,1,train
pipa_r1_s009,2,Pipa,1,pipa_r1,data/raw/ChMusic/Musics/2.1.wav,40.0,5.0,1,train
pipa_r1_s010,2,Pipa,1,pipa_r1,data/raw/ChMusic/Musics/2.1.wav,45.0,5.0,1,train
pipa_r1_s011,2,Pipa,1,pipa_r1,data/raw/ChMusic/Musics/2.1.wav,50.0,5.0,1,train
pipa_r1_s012,2,Pipa,1,pipa_r1,data/raw/ChMusic/Musics/2.1.wav,55.0,5.0,1,train
pipa_r1_s013,2,Pipa,1,pipa_r1,data/raw/ChMusic/Musics/2.1.wav,60.0,5.0,1,train
pipa_r1_s014,2,Pipa,1,pipa_r1,data/raw/ChMusic/Musics/2.1.wav,65.0,5.0,1,train
pipa_r1_s015,2,Pipa,1,pipa_r1,data/raw/ChMusic/Musics/2.1.wav,70.0,5.0,1,train
pipa_r1_s016,2,Pipa,1,pipa_r1,data/raw/ChMusic/Musics/2.1.wav,75.0,5.0,1,train
pipa_r1_s017,2,Pipa,1,pipa_r1,data/raw/ChMusic/Musics/2.1.wav,80.0,5.0,1,train
pipa_r1_s018,2,Pipa,1,pipa_r1,data/raw/ChMusic/Musics/2.1.wav,85.0,5.0,1,train
pipa_r2_s001,2,Pipa,2,pipa_r2,data/raw/ChMusic/Musics/2.2.wav,0.0,5.0,2,train
pipa_r2_s002,2,Pipa,2,pipa_r2,data/raw/ChMusic/Musics/2.2.wav,5.0,5.0,2,train
pipa_r2_s003,2,Pipa,2,pipa_r2,data/raw/ChMusic/Musics/2.2.wav,10.0,5.0,2,train
pipa_r2_s004,2,Pipa,2,pipa_r2,data/raw/ChMusic/Musics/2.2.wav,15.0,5.0,2,train
pipa_r2_s005,2,Pipa,2,pipa_r2,data/raw/ChMusic/Musics/2.2.wav,20.0,5.0,2,train
pipa_r2_s006,2,Pipa,2,pipa_r2,data/raw/ChMusic/Musics/2.2.wav,25.0,5.0,2,train
pipa_r2_s007,2,Pipa,2,pipa_r2,data/raw/ChMusic/Musics/2.2.wav,30.0,5.0,2,train
pipa_r2_s008,2,Pipa,2,pipa_r2,data/raw/ChMusic/Musics/2.2.wav,35.0,5.0,2,train
pipa_r2_s009,2,Pipa,2,pipa_r2,data/raw/ChMusic/Musics/2.2.wav,40.0,5.0,2,train
pipa_r2_s010,2,Pipa,2,pipa_r2,data/raw/ChMusic/Musics/2.2.wav,45.0,5.0,2,train
pipa_r2_s011,2,Pipa,2,pipa_r2,data/raw/ChMusic/Musics/2.2.wav,50.0,5.0,2,train
pipa_r3_s001,2,Pipa,3,pipa_r3,data/raw/ChMusic/Musics/2.3.wav,0.0,5.0,3,train
pipa_r3_s002,2,Pipa,3,pipa_r3,data/raw/ChMusic/Musics/2.3.wav,5.0,5.0,3,train
pipa_r3_s003,2,Pipa,3,pipa_r3,data/raw/ChMusic/Musics/2.3.wav,10.0,5.0,3,train
pipa_r3_s004,2,Pipa,3,pipa_r3,data/raw/ChMusic/Musics/2.3.wav,15.0,5.0,3,train
pipa_r3_s005,2,Pipa,3,pipa_r3,data/raw/ChMusic/Musics/2.3.wav,20.0,5.0,3,train
pipa_r3_s006,2,Pipa,3,pipa_r3,data/raw/ChMusic/Musics/2.3.wav,25.0,5.0,3,train
pipa_r3_s007,2,Pipa,3,pipa_r3,data/raw/ChMusic/Musics/2.3.wav,30.0,5.0,3,train
pipa_r3_s008,2,Pipa,3,pipa_r3,data/raw/ChMusic/Musics/2.3.wav,35.0,5.0,3,train
pipa_r3_s009,2,Pipa,3,pipa_r3,data/raw/ChMusic/Musics/2.3.wav,40.0,5.0,3,train
pipa_r3_s010,2,Pipa,3,pipa_r3,data/raw/ChMusic/Musics/2.3.wav,45.0,5.0,3,train
pipa_r3_s011,2,Pipa,3,pipa_r3,data/raw/ChMusic/Musics/2.3.wav,50.0,5.0,3,train
pipa_r3_s012,2,Pipa,3,pipa_r3,data/raw/ChMusic/Musics/2.3.wav,55.0,5.0,3,train
pipa_r3_s013,2,Pipa,3,pipa_r3,data/raw/ChMusic/Musics/2.3.wav,60.0,5.0,3,train
pipa_r3_s014,2,Pipa,3,pipa_r3,data/raw/ChMusic/Musics/2.3.wav,65.0,5.0,3,train
pipa_r3_s015,2,Pipa,3,pipa_r3,data/raw/ChMusic/Musics/2.3.wav,70.0,5.0,3,train
pipa_r3_s016,2,Pipa,3,pipa_r3,data/raw/ChMusic/Musics/2.3.wav,75.0,5.0,3,train
pipa_r3_s017,2,Pipa,3,pipa_r3,data/raw/ChMusic/Musics/2.3.wav,80.0,5.0,3,train
pipa_r3_s018,2,Pipa,3,pipa_r3,data/raw/ChMusic/Musics/2.3.wav,85.0,5.0,3,train
pipa_r3_s019,2,Pipa,3,pipa_r3,data/raw/ChMusic/Musics/2.3.wav,90.0,5.0,3,train
pipa_r4_s001,2,Pipa,4,pipa_r4,data/raw/ChMusic/Musics/2.4.wav,0.0,5.0,4,train
pipa_r4_s002,2,Pipa,4,pipa_r4,data/raw/ChMusic/Musics/2.4.wav,5.0,5.0,4,train
pipa_r4_s003,2,Pipa,4,pipa_r4,data/raw/ChMusic/Musics/2.4.wav,10.0,5.0,4,train
pipa_r4_s004,2,Pipa,4,pipa_r4,data/raw/ChMusic/Musics/2.4.wav,15.0,5.0,4,train
pipa_r4_s005,2,Pipa,4,pipa_r4,data/raw/ChMusic/Musics/2.4.wav,20.0,5.0,4,train
pipa_r4_s006,2,Pipa,4,pipa_r4,data/raw/ChMusic/Musics/2.4.wav,25.0,5.0,4,train
pipa_r4_s007,2,Pipa,4,pipa_r4,data/raw/ChMusic/Musics/2.4.wav,30.0,5.0,4,train
pipa_r4_s008,2,Pipa,4,pipa_r4,data/raw/ChMusic/Musics/2.4.wav,35.0,5.0,4,train
pipa_r4_s009,2,Pipa,4,pipa_r4,data/raw/ChMusic/Musics/2.4.wav,40.0,5.0,4,train
pipa_r4_s010,2,Pipa,4,pipa_r4,data/raw/ChMusic/Musics/2.4.wav,45.0,5.0,4,train
pipa_r4_s011,2,Pipa,4,pipa_r4,data/raw/ChMusic/Musics/2.4.wav,50.0,5.0,4,train
pipa_r4_s012,2,Pipa,4,pipa_r4,data/raw/ChMusic/Musics/2.4.wav,55.0,5.0,4,train
pipa_r4_s013,2,Pipa,4,pipa_r4,data/raw/ChMusic/Musics/2.4.wav,60.0,5.0,4,train
pipa_r4_s014,2,Pipa,4,pipa_r4,data/raw/ChMusic/Musics/2.4.wav,65.0,5.0,4,train
pipa_r4_s015,2,Pipa,4,pipa_r4,data/raw/ChMusic/Musics/2.4.wav,70.0,5.0,4,train
pipa_r4_s016,2,Pipa,4,pipa_r4,data/raw/ChMusic/Musics/2.4.wav,75.0,5.0,4,train
pipa_r4_s017,2,Pipa,4,pipa_r4,data/raw/ChMusic/Musics/2.4.wav,80.0,5.0,4,train
pipa_r4_s018,2,Pipa,4,pipa_r4,data/raw/ChMusic/Musics/2.4.wav,85.0,5.0,4,train
pipa_r4_s019,2,Pipa,4,pipa_r4,data/raw/ChMusic/Musics/2.4.wav,90.0,5.0,4,train
pipa_r4_s020,2,Pipa,4,pipa_r4,data/raw/ChMusic/Musics/2.4.wav,95.0,5.0,4,train
pipa_r4_s021,2,Pipa,4,pipa_r4,data/raw/ChMusic/Musics/2.4.wav,100.0,5.0,4,train
pipa_r4_s022,2,Pipa,4,pipa_r4,data/raw/ChMusic/Musics/2.4.wav,105.0,5.0,4,train
pipa_r4_s023,2,Pipa,4,pipa_r4,data/raw/ChMusic/Musics/2.4.wav,110.0,5.0,4,train
pipa_r4_s024,2,Pipa,4,pipa_r4,data/raw/ChMusic/Musics/2.4.wav,115.0,5.0,4,train
pipa_r5_s001,2,Pipa,5,pipa_r5,data/raw/ChMusic/Musics/2.5.wav,0.0,5.0,5,test
pipa_r5_s002,2,Pipa,5,pipa_r5,data/raw/ChMusic/Musics/2.5.wav,5.0,5.0,5,test
pipa_r5_s003,2,Pipa,5,pipa_r5,data/raw/ChMusic/Musics/2.5.wav,10.0,5.0,5,test
pipa_r5_s004,2,Pipa,5,pipa_r5,data/raw/ChMusic/Musics/2.5.wav,15.0,5.0,5,test
pipa_r5_s005,2,Pipa,5,pipa_r5,data/raw/ChMusic/Musics/2.5.wav,20.0,5.0,5,test
pipa_r5_s006,2,Pipa,5,pipa_r5,data/raw/ChMusic/Musics/2.5.wav,25.0,5.0,5,test
pipa_r5_s007,2,Pipa,5,pipa_r5,data/raw/ChMusic/Musics/2.5.wav,30.0,5.0,5,test
pipa_r5_s008,2,Pipa,5,pipa_r5,data/raw/ChMusic/Musics/2.5.wav,35.0,5.0,5,test
pipa_r5_s009,2,Pipa,5,pipa_r5,data/raw/ChMusic/Musics/2.5.wav,40.0,5.0,5,test
pipa_r5_s010,2,Pipa,5,pipa_r5,data/raw/ChMusic/Musics/2.5.wav,45.0,5.0,5,test
pipa_r5_s011,2,Pipa,5,pipa_r5,data/raw/ChMusic/Musics/2.5.wav,50.0,5.0,5,test
pipa_r5_s012,2,Pipa,5,pipa_r5,data/raw/ChMusic/Musics/2.5.wav,55.0,5.0,5,test
pipa_r5_s013,2,Pipa,5,pipa_r5,data/raw/ChMusic/Musics/2.5.wav,60.0,5.0,5,test
sanxian_r1_s001,3,Sanxian,1,sanxian_r1,data/raw/ChMusic/Musics/3.1.wav,0.0,5.0,1,train
sanxian_r1_s002,3,Sanxian,1,sanxian_r1,data/raw/ChMusic/Musics/3.1.wav,5.0,5.0,1,train
sanxian_r1_s003,3,Sanxian,1,sanxian_r1,data/raw/ChMusic/Musics/3.1.wav,10.0,5.0,1,train
sanxian_r1_s004,3,Sanxian,1,sanxian_r1,data/raw/ChMusic/Musics/3.1.wav,15.0,5.0,1,train
sanxian_r1_s005,3,Sanxian,1,sanxian_r1,data/raw/ChMusic/Musics/3.1.wav,20.0,5.0,1,train
sanxian_r1_s006,3,Sanxian,1,sanxian_r1,data/raw/ChMusic/Musics/3.1.wav,25.0,5.0,1,train
sanxian_r2_s001,3,Sanxian,2,sanxian_r2,data/raw/ChMusic/Musics/3.2.wav,0.0,5.0,2,train
sanxian_r2_s002,3,Sanxian,2,sanxian_r2,data/raw/ChMusic/Musics/3.2.wav,5.0,5.0,2,train
sanxian_r2_s003,3,Sanxian,2,sanxian_r2,data/raw/ChMusic/Musics/3.2.wav,10.0,5.0,2,train
sanxian_r2_s004,3,Sanxian,2,sanxian_r2,data/raw/ChMusic/Musics/3.2.wav,15.0,5.0,2,train
sanxian_r2_s005,3,Sanxian,2,sanxian_r2,data/raw/ChMusic/Musics/3.2.wav,20.0,5.0,2,train
sanxian_r2_s006,3,Sanxian,2,sanxian_r2,data/raw/ChMusic/Musics/3.2.wav,25.0,5.0,2,train
sanxian_r2_s007,3,Sanxian,2,sanxian_r2,data/raw/ChMusic/Musics/3.2.wav,30.0,5.0,2,train
sanxian_r2_s008,3,Sanxian,2,sanxian_r2,data/raw/ChMusic/Musics/3.2.wav,35.0,5.0,2,train
sanxian_r2_s009,3,Sanxian,2,sanxian_r2,data/raw/ChMusic/Musics/3.2.wav,40.0,5.0,2,train
sanxian_r2_s010,3,Sanxian,2,sanxian_r2,data/raw/ChMusic/Musics/3.2.wav,45.0,5.0,2,train
sanxian_r3_s001,3,Sanxian,3,sanxian_r3,data/raw/ChMusic/Musics/3.3.wav,0.0,5.0,3,train
sanxian_r3_s002,3,Sanxian,3,sanxian_r3,data/raw/ChMusic/Musics/3.3.wav,5.0,5.0,3,train
sanxian_r3_s003,3,Sanxian,3,sanxian_r3,data/raw/ChMusic/Musics/3.3.wav,10.0,5.0,3,train
sanxian_r3_s004,3,Sanxian,3,sanxian_r3,data/raw/ChMusic/Musics/3.3.wav,15.0,5.0,3,train
sanxian_r3_s005,3,Sanxian,3,sanxian_r3,data/raw/ChMusic/Musics/3.3.wav,20.0,5.0,3,train
sanxian_r3_s006,3,Sanxian,3,sanxian_r3,data/raw/ChMusic/Musics/3.3.wav,25.0,5.0,3,train
sanxian_r3_s007,3,Sanxian,3,sanxian_r3,data/raw/ChMusic/Musics/3.3.wav,30.0,5.0,3,train
sanxian_r3_s008,3,Sanxian,3,sanxian_r3,data/raw/ChMusic/Musics/3.3.wav,35.0,5.0,3,train
sanxian_r4_s001,3,Sanxian,4,sanxian_r4,data/raw/ChMusic/Musics/3.4.wav,0.0,5.0,4,train
sanxian_r4_s002,3,Sanxian,4,sanxian_r4,data/raw/ChMusic/Musics/3.4.wav,5.0,5.0,4,train
sanxian_r4_s003,3,Sanxian,4,sanxian_r4,data/raw/ChMusic/Musics/3.4.wav,10.0,5.0,4,train
sanxian_r4_s004,3,Sanxian,4,sanxian_r4,data/raw/ChMusic/Musics/3.4.wav,15.0,5.0,4,train
sanxian_r4_s005,3,Sanxian,4,sanxian_r4,data/raw/ChMusic/Musics/3.4.wav,20.0,5.0,4,train
sanxian_r4_s006,3,Sanxian,4,sanxian_r4,data/raw/ChMusic/Musics/3.4.wav,25.0,5.0,4,train
sanxian_r4_s007,3,Sanxian,4,sanxian_r4,data/raw/ChMusic/Musics/3.4.wav,30.0,5.0,4,train
sanxian_r4_s008,3,Sanxian,4,sanxian_r4,data/raw/ChMusic/Musics/3.4.wav,35.0,5.0,4,train
sanxian_r5_s001,3,Sanxian,5,sanxian_r5,data/raw/ChMusic/Musics/3.5.wav,0.0,5.0,5,test
sanxian_r5_s002,3,Sanxian,5,sanxian_r5,data/raw/ChMusic/Musics/3.5.wav,5.0,5.0,5,test
sanxian_r5_s003,3,Sanxian,5,sanxian_r5,data/raw/ChMusic/Musics/3.5.wav,10.0,5.0,5,test
sanxian_r5_s004,3,Sanxian,5,sanxian_r5,data/raw/ChMusic/Musics/3.5.wav,15.0,5.0,5,test
sanxian_r5_s005,3,Sanxian,5,sanxian_r5,data/raw/ChMusic/Musics/3.5.wav,20.0,5.0,5,test
sanxian_r5_s006,3,Sanxian,5,sanxian_r5,data/raw/ChMusic/Musics/3.5.wav,25.0,5.0,5,test
sanxian_r5_s007,3,Sanxian,5,sanxian_r5,data/raw/ChMusic/Musics/3.5.wav,30.0,5.0,5,test
sanxian_r5_s008,3,Sanxian,5,sanxian_r5,data/raw/ChMusic/Musics/3.5.wav,35.0,5.0,5,test
sanxian_r5_s009,3,Sanxian,5,sanxian_r5,data/raw/ChMusic/Musics/3.5.wav,40.0,5.0,5,test
sanxian_r5_s010,3,Sanxian,5,sanxian_r5,data/raw/ChMusic/Musics/3.5.wav,45.0,5.0,5,test
sanxian_r5_s011,3,Sanxian,5,sanxian_r5,data/raw/ChMusic/Musics/3.5.wav,50.0,5.0,5,test
sanxian_r5_s012,3,Sanxian,5,sanxian_r5,data/raw/ChMusic/Musics/3.5.wav,55.0,5.0,5,test
sanxian_r5_s013,3,Sanxian,5,sanxian_r5,data/raw/ChMusic/Musics/3.5.wav,60.0,5.0,5,test
sanxian_r5_s014,3,Sanxian,5,sanxian_r5,data/raw/ChMusic/Musics/3.5.wav,65.0,5.0,5,test
sanxian_r5_s015,3,Sanxian,5,sanxian_r5,data/raw/ChMusic/Musics/3.5.wav,70.0,5.0,5,test
sanxian_r5_s016,3,Sanxian,5,sanxian_r5,data/raw/ChMusic/Musics/3.5.wav,75.0,5.0,5,test
dizi_r1_s001,4,Dizi,1,dizi_r1,data/raw/ChMusic/Musics/4.1.wav,0.0,5.0,1,train
dizi_r1_s002,4,Dizi,1,dizi_r1,data/raw/ChMusic/Musics/4.1.wav,5.0,5.0,1,train
dizi_r1_s003,4,Dizi,1,dizi_r1,data/raw/ChMusic/Musics/4.1.wav,10.0,5.0,1,train
dizi_r1_s004,4,Dizi,1,dizi_r1,data/raw/ChMusic/Musics/4.1.wav,15.0,5.0,1,train
dizi_r1_s005,4,Dizi,1,dizi_r1,data/raw/ChMusic/Musics/4.1.wav,20.0,5.0,1,train
dizi_r1_s006,4,Dizi,1,dizi_r1,data/raw/ChMusic/Musics/4.1.wav,25.0,5.0,1,train
dizi_r1_s007,4,Dizi,1,dizi_r1,data/raw/ChMusic/Musics/4.1.wav,30.0,5.0,1,train
dizi_r1_s008,4,Dizi,1,dizi_r1,data/raw/ChMusic/Musics/4.1.wav,35.0,5.0,1,train
dizi_r1_s009,4,Dizi,1,dizi_r1,data/raw/ChMusic/Musics/4.1.wav,40.0,5.0,1,train
dizi_r1_s010,4,Dizi,1,dizi_r1,data/raw/ChMusic/Musics/4.1.wav,45.0,5.0,1,train
dizi_r1_s011,4,Dizi,1,dizi_r1,data/raw/ChMusic/Musics/4.1.wav,50.0,5.0,1,train
dizi_r1_s012,4,Dizi,1,dizi_r1,data/raw/ChMusic/Musics/4.1.wav,55.0,5.0,1,train
dizi_r1_s013,4,Dizi,1,dizi_r1,data/raw/ChMusic/Musics/4.1.wav,60.0,5.0,1,train
dizi_r1_s014,4,Dizi,1,dizi_r1,data/raw/ChMusic/Musics/4.1.wav,65.0,5.0,1,train
dizi_r1_s015,4,Dizi,1,dizi_r1,data/raw/ChMusic/Musics/4.1.wav,70.0,5.0,1,train
dizi_r1_s016,4,Dizi,1,dizi_r1,data/raw/ChMusic/Musics/4.1.wav,75.0,5.0,1,train
dizi_r1_s017,4,Dizi,1,dizi_r1,data/raw/ChMusic/Musics/4.1.wav,80.0,5.0,1,train
dizi_r1_s018,4,Dizi,1,dizi_r1,data/raw/ChMusic/Musics/4.1.wav,85.0,5.0,1,train
dizi_r1_s019,4,Dizi,1,dizi_r1,data/raw/ChMusic/Musics/4.1.wav,90.0,5.0,1,train
dizi_r1_s020,4,Dizi,1,dizi_r1,data/raw/ChMusic/Musics/4.1.wav,95.0,5.0,1,train
dizi_r1_s021,4,Dizi,1,dizi_r1,data/raw/ChMusic/Musics/4.1.wav,100.0,5.0,1,train
dizi_r1_s022,4,Dizi,1,dizi_r1,data/raw/ChMusic/Musics/4.1.wav,105.0,5.0,1,train
dizi_r2_s001,4,Dizi,2,dizi_r2,data/raw/ChMusic/Musics/4.2.wav,0.0,5.0,2,train
dizi_r2_s002,4,Dizi,2,dizi_r2,data/raw/ChMusic/Musics/4.2.wav,5.0,5.0,2,train
dizi_r2_s003,4,Dizi,2,dizi_r2,data/raw/ChMusic/Musics/4.2.wav,10.0,5.0,2,train
dizi_r2_s004,4,Dizi,2,dizi_r2,data/raw/ChMusic/Musics/4.2.wav,15.0,5.0,2,train
dizi_r2_s005,4,Dizi,2,dizi_r2,data/raw/ChMusic/Musics/4.2.wav,20.0,5.0,2,train
dizi_r2_s006,4,Dizi,2,dizi_r2,data/raw/ChMusic/Musics/4.2.wav,25.0,5.0,2,train
dizi_r2_s007,4,Dizi,2,dizi_r2,data/raw/ChMusic/Musics/4.2.wav,30.0,5.0,2,train
dizi_r2_s008,4,Dizi,2,dizi_r2,data/raw/ChMusic/Musics/4.2.wav,35.0,5.0,2,train
dizi_r2_s009,4,Dizi,2,dizi_r2,data/raw/ChMusic/Musics/4.2.wav,40.0,5.0,2,train
dizi_r2_s010,4,Dizi,2,dizi_r2,data/raw/ChMusic/Musics/4.2.wav,45.0,5.0,2,train
dizi_r2_s011,4,Dizi,2,dizi_r2,data/raw/ChMusic/Musics/4.2.wav,50.0,5.0,2,train
dizi_r2_s012,4,Dizi,2,dizi_r2,data/raw/ChMusic/Musics/4.2.wav,55.0,5.0,2,train
dizi_r2_s013,4,Dizi,2,dizi_r2,data/raw/ChMusic/Musics/4.2.wav,60.0,5.0,2,train
dizi_r2_s014,4,Dizi,2,dizi_r2,data/raw/ChMusic/Musics/4.2.wav,65.0,5.0,2,train
dizi_r2_s015,4,Dizi,2,dizi_r2,data/raw/ChMusic/Musics/4.2.wav,70.0,5.0,2,train
dizi_r2_s016,4,Dizi,2,dizi_r2,data/raw/ChMusic/Musics/4.2.wav,75.0,5.0,2,train
dizi_r2_s017,4,Dizi,2,dizi_r2,data/raw/ChMusic/Musics/4.2.wav,80.0,5.0,2,train
dizi_r2_s018,4,Dizi,2,dizi_r2,data/raw/ChMusic/Musics/4.2.wav,85.0,5.0,2,train
dizi_r2_s019,4,Dizi,2,dizi_r2,data/raw/ChMusic/Musics/4.2.wav,90.0,5.0,2,train
dizi_r2_s020,4,Dizi,2,dizi_r2,data/raw/ChMusic/Musics/4.2.wav,95.0,5.0,2,train
dizi_r3_s001,4,Dizi,3,dizi_r3,data/raw/ChMusic/Musics/4.3.wav,0.0,5.0,3,train
dizi_r3_s002,4,Dizi,3,dizi_r3,data/raw/ChMusic/Musics/4.3.wav,5.0,5.0,3,train
dizi_r3_s003,4,Dizi,3,dizi_r3,data/raw/ChMusic/Musics/4.3.wav,10.0,5.0,3,train
dizi_r3_s004,4,Dizi,3,dizi_r3,data/raw/ChMusic/Musics/4.3.wav,15.0,5.0,3,train
dizi_r3_s005,4,Dizi,3,dizi_r3,data/raw/ChMusic/Musics/4.3.wav,20.0,5.0,3,train
dizi_r3_s006,4,Dizi,3,dizi_r3,data/raw/ChMusic/Musics/4.3.wav,25.0,5.0,3,train
dizi_r3_s007,4,Dizi,3,dizi_r3,data/raw/ChMusic/Musics/4.3.wav,30.0,5.0,3,train
dizi_r3_s008,4,Dizi,3,dizi_r3,data/raw/ChMusic/Musics/4.3.wav,35.0,5.0,3,train
dizi_r3_s009,4,Dizi,3,dizi_r3,data/raw/ChMusic/Musics/4.3.wav,40.0,5.0,3,train
dizi_r3_s010,4,Dizi,3,dizi_r3,data/raw/ChMusic/Musics/4.3.wav,45.0,5.0,3,train
dizi_r3_s011,4,Dizi,3,dizi_r3,data/raw/ChMusic/Musics/4.3.wav,50.0,5.0,3,train
dizi_r3_s012,4,Dizi,3,dizi_r3,data/raw/ChMusic/Musics/4.3.wav,55.0,5.0,3,train
dizi_r3_s013,4,Dizi,3,dizi_r3,data/raw/ChMusic/Musics/4.3.wav,60.0,5.0,3,train
dizi_r3_s014,4,Dizi,3,dizi_r3,data/raw/ChMusic/Musics/4.3.wav,65.0,5.0,3,train
dizi_r3_s015,4,Dizi,3,dizi_r3,data/raw/ChMusic/Musics/4.3.wav,70.0,5.0,3,train
dizi_r3_s016,4,Dizi,3,dizi_r3,data/raw/ChMusic/Musics/4.3.wav,75.0,5.0,3,train
dizi_r3_s017,4,Dizi,3,dizi_r3,data/raw/ChMusic/Musics/4.3.wav,80.0,5.0,3,train
dizi_r4_s001,4,Dizi,4,dizi_r4,data/raw/ChMusic/Musics/4.4.wav,0.0,5.0,4,train
dizi_r4_s002,4,Dizi,4,dizi_r4,data/raw/ChMusic/Musics/4.4.wav,5.0,5.0,4,train
dizi_r4_s003,4,Dizi,4,dizi_r4,data/raw/ChMusic/Musics/4.4.wav,10.0,5.0,4,train
dizi_r4_s004,4,Dizi,4,dizi_r4,data/raw/ChMusic/Musics/4.4.wav,15.0,5.0,4,train
dizi_r4_s005,4,Dizi,4,dizi_r4,data/raw/ChMusic/Musics/4.4.wav,20.0,5.0,4,train
dizi_r4_s006,4,Dizi,4,dizi_r4,data/raw/ChMusic/Musics/4.4.wav,25.0,5.0,4,train
dizi_r4_s007,4,Dizi,4,dizi_r4,data/raw/ChMusic/Musics/4.4.wav,30.0,5.0,4,train
dizi_r4_s008,4,Dizi,4,dizi_r4,data/raw/ChMusic/Musics/4.4.wav,35.0,5.0,4,train
dizi_r4_s009,4,Dizi,4,dizi_r4,data/raw/ChMusic/Musics/4.4.wav,40.0,5.0,4,train
dizi_r4_s010,4,Dizi,4,dizi_r4,data/raw/ChMusic/Musics/4.4.wav,45.0,5.0,4,train
dizi_r4_s011,4,Dizi,4,dizi_r4,data/raw/ChMusic/Musics/4.4.wav,50.0,5.0,4,train
dizi_r4_s012,4,Dizi,4,dizi_r4,data/raw/ChMusic/Musics/4.4.wav,55.0,5.0,4,train
dizi_r4_s013,4,Dizi,4,dizi_r4,data/raw/ChMusic/Musics/4.4.wav,60.0,5.0,4,train
dizi_r4_s014,4,Dizi,4,dizi_r4,data/raw/ChMusic/Musics/4.4.wav,65.0,5.0,4,train
dizi_r4_s015,4,Dizi,4,dizi_r4,data/raw/ChMusic/Musics/4.4.wav,70.0,5.0,4,train
dizi_r4_s016,4,Dizi,4,dizi_r4,data/raw/ChMusic/Musics/4.4.wav,75.0,5.0,4,train
dizi_r4_s017,4,Dizi,4,dizi_r4,data/raw/ChMusic/Musics/4.4.wav,80.0,5.0,4,train
dizi_r5_s001,4,Dizi,5,dizi_r5,data/raw/ChMusic/Musics/4.5.wav,0.0,5.0,5,test
dizi_r5_s002,4,Dizi,5,dizi_r5,data/raw/ChMusic/Musics/4.5.wav,5.0,5.0,5,test
dizi_r5_s003,4,Dizi,5,dizi_r5,data/raw/ChMusic/Musics/4.5.wav,10.0,5.0,5,test
dizi_r5_s004,4,Dizi,5,dizi_r5,data/raw/ChMusic/Musics/4.5.wav,15.0,5.0,5,test
dizi_r5_s005,4,Dizi,5,dizi_r5,data/raw/ChMusic/Musics/4.5.wav,20.0,5.0,5,test
dizi_r5_s006,4,Dizi,5,dizi_r5,data/raw/ChMusic/Musics/4.5.wav,25.0,5.0,5,test
dizi_r5_s007,4,Dizi,5,dizi_r5,data/raw/ChMusic/Musics/4.5.wav,30.0,5.0,5,test
dizi_r5_s008,4,Dizi,5,dizi_r5,data/raw/ChMusic/Musics/4.5.wav,35.0,5.0,5,test
dizi_r5_s009,4,Dizi,5,dizi_r5,data/raw/ChMusic/Musics/4.5.wav,40.0,5.0,5,test
dizi_r5_s010,4,Dizi,5,dizi_r5,data/raw/ChMusic/Musics/4.5.wav,45.0,5.0,5,test
dizi_r5_s011,4,Dizi,5,dizi_r5,data/raw/ChMusic/Musics/4.5.wav,50.0,5.0,5,test
dizi_r5_s012,4,Dizi,5,dizi_r5,data/raw/ChMusic/Musics/4.5.wav,55.0,5.0,5,test
dizi_r5_s013,4,Dizi,5,dizi_r5,data/raw/ChMusic/Musics/4.5.wav,60.0,5.0,5,test
dizi_r5_s014,4,Dizi,5,dizi_r5,data/raw/ChMusic/Musics/4.5.wav,65.0,5.0,5,test
dizi_r5_s015,4,Dizi,5,dizi_r5,data/raw/ChMusic/Musics/4.5.wav,70.0,5.0,5,test
dizi_r5_s016,4,Dizi,5,dizi_r5,data/raw/ChMusic/Musics/4.5.wav,75.0,5.0,5,test
dizi_r5_s017,4,Dizi,5,dizi_r5,data/raw/ChMusic/Musics/4.5.wav,80.0,5.0,5,test
dizi_r5_s018,4,Dizi,5,dizi_r5,data/raw/ChMusic/Musics/4.5.wav,85.0,5.0,5,test
suona_r1_s001,5,Suona,1,suona_r1,data/raw/ChMusic/Musics/5.1.wav,0.0,5.0,1,train
suona_r1_s002,5,Suona,1,suona_r1,data/raw/ChMusic/Musics/5.1.wav,5.0,5.0,1,train
suona_r1_s003,5,Suona,1,suona_r1,data/raw/ChMusic/Musics/5.1.wav,10.0,5.0,1,train
suona_r1_s004,5,Suona,1,suona_r1,data/raw/ChMusic/Musics/5.1.wav,15.0,5.0,1,train
suona_r1_s005,5,Suona,1,suona_r1,data/raw/ChMusic/Musics/5.1.wav,20.0,5.0,1,train
suona_r1_s006,5,Suona,1,suona_r1,data/raw/ChMusic/Musics/5.1.wav,25.0,5.0,1,train
suona_r1_s007,5,Suona,1,suona_r1,data/raw/ChMusic/Musics/5.1.wav,30.0,5.0,1,train
suona_r2_s001,5,Suona,2,suona_r2,data/raw/ChMusic/Musics/5.2.wav,0.0,5.0,2,train
suona_r2_s002,5,Suona,2,suona_r2,data/raw/ChMusic/Musics/5.2.wav,5.0,5.0,2,train
suona_r2_s003,5,Suona,2,suona_r2,data/raw/ChMusic/Musics/5.2.wav,10.0,5.0,2,train
suona_r2_s004,5,Suona,2,suona_r2,data/raw/ChMusic/Musics/5.2.wav,15.0,5.0,2,train
suona_r2_s005,5,Suona,2,suona_r2,data/raw/ChMusic/Musics/5.2.wav,20.0,5.0,2,train
suona_r3_s001,5,Suona,3,suona_r3,data/raw/ChMusic/Musics/5.3.wav,0.0,5.0,3,train
suona_r3_s002,5,Suona,3,suona_r3,data/raw/ChMusic/Musics/5.3.wav,5.0,5.0,3,train
suona_r3_s003,5,Suona,3,suona_r3,data/raw/ChMusic/Musics/5.3.wav,10.0,5.0,3,train
suona_r3_s004,5,Suona,3,suona_r3,data/raw/ChMusic/Musics/5.3.wav,15.0,5.0,3,train
suona_r3_s005,5,Suona,3,suona_r3,data/raw/ChMusic/Musics/5.3.wav,20.0,5.0,3,train
suona_r3_s006,5,Suona,3,suona_r3,data/raw/ChMusic/Musics/5.3.wav,25.0,5.0,3,train
suona_r3_s007,5,Suona,3,suona_r3,data/raw/ChMusic/Musics/5.3.wav,30.0,5.0,3,train
suona_r3_s008,5,Suona,3,suona_r3,data/raw/ChMusic/Musics/5.3.wav,35.0,5.0,3,train
suona_r3_s009,5,Suona,3,suona_r3,data/raw/ChMusic/Musics/5.3.wav,40.0,5.0,3,train
suona_r3_s010,5,Suona,3,suona_r3,data/raw/ChMusic/Musics/5.3.wav,45.0,5.0,3,train
suona_r3_s011,5,Suona,3,suona_r3,data/raw/ChMusic/Musics/5.3.wav,50.0,5.0,3,train
suona_r4_s001,5,Suona,4,suona_r4,data/raw/ChMusic/Musics/5.4.wav,0.0,5.0,4,train
suona_r4_s002,5,Suona,4,suona_r4,data/raw/ChMusic/Musics/5.4.wav,5.0,5.0,4,train
suona_r4_s003,5,Suona,4,suona_r4,data/raw/ChMusic/Musics/5.4.wav,10.0,5.0,4,train
suona_r4_s004,5,Suona,4,suona_r4,data/raw/ChMusic/Musics/5.4.wav,15.0,5.0,4,train
suona_r4_s005,5,Suona,4,suona_r4,data/raw/ChMusic/Musics/5.4.wav,20.0,5.0,4,train
suona_r4_s006,5,Suona,4,suona_r4,data/raw/ChMusic/Musics/5.4.wav,25.0,5.0,4,train
suona_r4_s007,5,Suona,4,suona_r4,data/raw/ChMusic/Musics/5.4.wav,30.0,5.0,4,train
suona_r4_s008,5,Suona,4,suona_r4,data/raw/ChMusic/Musics/5.4.wav,35.0,5.0,4,train
suona_r4_s009,5,Suona,4,suona_r4,data/raw/ChMusic/Musics/5.4.wav,40.0,5.0,4,train
suona_r4_s010,5,Suona,4,suona_r4,data/raw/ChMusic/Musics/5.4.wav,45.0,5.0,4,train
suona_r4_s011,5,Suona,4,suona_r4,data/raw/ChMusic/Musics/5.4.wav,50.0,5.0,4,train
suona_r4_s012,5,Suona,4,suona_r4,data/raw/ChMusic/Musics/5.4.wav,55.0,5.0,4,train
suona_r4_s013,5,Suona,4,suona_r4,data/raw/ChMusic/Musics/5.4.wav,60.0,5.0,4,train
suona_r5_s001,5,Suona,5,suona_r5,data/raw/ChMusic/Musics/5.5.wav,0.0,5.0,5,test
suona_r5_s002,5,Suona,5,suona_r5,data/raw/ChMusic/Musics/5.5.wav,5.0,5.0,5,test
suona_r5_s003,5,Suona,5,suona_r5,data/raw/ChMusic/Musics/5.5.wav,10.0,5.0,5,test
suona_r5_s004,5,Suona,5,suona_r5,data/raw/ChMusic/Musics/5.5.wav,15.0,5.0,5,test
suona_r5_s005,5,Suona,5,suona_r5,data/raw/ChMusic/Musics/5.5.wav,20.0,5.0,5,test
suona_r5_s006,5,Suona,5,suona_r5,data/raw/ChMusic/Musics/5.5.wav,25.0,5.0,5,test
suona_r5_s007,5,Suona,5,suona_r5,data/raw/ChMusic/Musics/5.5.wav,30.0,5.0,5,test
suona_r5_s008,5,Suona,5,suona_r5,data/raw/ChMusic/Musics/5.5.wav,35.0,5.0,5,test
suona_r5_s009,5,Suona,5,suona_r5,data/raw/ChMusic/Musics/5.5.wav,40.0,5.0,5,test
zhuiqin_r1_s001,6,Zhuiqin,1,zhuiqin_r1,data/raw/ChMusic/Musics/6.1.wav,0.0,5.0,1,train
zhuiqin_r1_s002,6,Zhuiqin,1,zhuiqin_r1,data/raw/ChMusic/Musics/6.1.wav,5.0,5.0,1,train
zhuiqin_r1_s003,6,Zhuiqin,1,zhuiqin_r1,data/raw/ChMusic/Musics/6.1.wav,10.0,5.0,1,train
zhuiqin_r1_s004,6,Zhuiqin,1,zhuiqin_r1,data/raw/ChMusic/Musics/6.1.wav,15.0,5.0,1,train
zhuiqin_r1_s005,6,Zhuiqin,1,zhuiqin_r1,data/raw/ChMusic/Musics/6.1.wav,20.0,5.0,1,train
zhuiqin_r1_s006,6,Zhuiqin,1,zhuiqin_r1,data/raw/ChMusic/Musics/6.1.wav,25.0,5.0,1,train
zhuiqin_r1_s007,6,Zhuiqin,1,zhuiqin_r1,data/raw/ChMusic/Musics/6.1.wav,30.0,5.0,1,train
zhuiqin_r1_s008,6,Zhuiqin,1,zhuiqin_r1,data/raw/ChMusic/Musics/6.1.wav,35.0,5.0,1,train
zhuiqin_r1_s009,6,Zhuiqin,1,zhuiqin_r1,data/raw/ChMusic/Musics/6.1.wav,40.0,5.0,1,train
zhuiqin_r1_s010,6,Zhuiqin,1,zhuiqin_r1,data/raw/ChMusic/Musics/6.1.wav,45.0,5.0,1,train
zhuiqin_r1_s011,6,Zhuiqin,1,zhuiqin_r1,data/raw/ChMusic/Musics/6.1.wav,50.0,5.0,1,train
zhuiqin_r1_s012,6,Zhuiqin,1,zhuiqin_r1,data/raw/ChMusic/Musics/6.1.wav,55.0,5.0,1,train
zhuiqin_r1_s013,6,Zhuiqin,1,zhuiqin_r1,data/raw/ChMusic/Musics/6.1.wav,60.0,5.0,1,train
zhuiqin_r1_s014,6,Zhuiqin,1,zhuiqin_r1,data/raw/ChMusic/Musics/6.1.wav,65.0,5.0,1,train
zhuiqin_r1_s015,6,Zhuiqin,1,zhuiqin_r1,data/raw/ChMusic/Musics/6.1.wav,70.0,5.0,1,train
zhuiqin_r1_s016,6,Zhuiqin,1,zhuiqin_r1,data/raw/ChMusic/Musics/6.1.wav,75.0,5.0,1,train
zhuiqin_r1_s017,6,Zhuiqin,1,zhuiqin_r1,data/raw/ChMusic/Musics/6.1.wav,80.0,5.0,1,train
zhuiqin_r1_s018,6,Zhuiqin,1,zhuiqin_r1,data/raw/ChMusic/Musics/6.1.wav,85.0,5.0,1,train
zhuiqin_r2_s001,6,Zhuiqin,2,zhuiqin_r2,data/raw/ChMusic/Musics/6.2.wav,0.0,5.0,2,train
zhuiqin_r2_s002,6,Zhuiqin,2,zhuiqin_r2,data/raw/ChMusic/Musics/6.2.wav,5.0,5.0,2,train
zhuiqin_r2_s003,6,Zhuiqin,2,zhuiqin_r2,data/raw/ChMusic/Musics/6.2.wav,10.0,5.0,2,train
zhuiqin_r2_s004,6,Zhuiqin,2,zhuiqin_r2,data/raw/ChMusic/Musics/6.2.wav,15.0,5.0,2,train
zhuiqin_r2_s005,6,Zhuiqin,2,zhuiqin_r2,data/raw/ChMusic/Musics/6.2.wav,20.0,5.0,2,train
zhuiqin_r2_s006,6,Zhuiqin,2,zhuiqin_r2,data/raw/ChMusic/Musics/6.2.wav,25.0,5.0,2,train
zhuiqin_r2_s007,6,Zhuiqin,2,zhuiqin_r2,data/raw/ChMusic/Musics/6.2.wav,30.0,5.0,2,train
zhuiqin_r2_s008,6,Zhuiqin,2,zhuiqin_r2,data/raw/ChMusic/Musics/6.2.wav,35.0,5.0,2,train
zhuiqin_r2_s009,6,Zhuiqin,2,zhuiqin_r2,data/raw/ChMusic/Musics/6.2.wav,40.0,5.0,2,train
zhuiqin_r2_s010,6,Zhuiqin,2,zhuiqin_r2,data/raw/ChMusic/Musics/6.2.wav,45.0,5.0,2,train
zhuiqin_r2_s011,6,Zhuiqin,2,zhuiqin_r2,data/raw/ChMusic/Musics/6.2.wav,50.0,5.0,2,train
zhuiqin_r2_s012,6,Zhuiqin,2,zhuiqin_r2,data/raw/ChMusic/Musics/6.2.wav,55.0,5.0,2,train
zhuiqin_r2_s013,6,Zhuiqin,2,zhuiqin_r2,data/raw/ChMusic/Musics/6.2.wav,60.0,5.0,2,train
zhuiqin_r2_s014,6,Zhuiqin,2,zhuiqin_r2,data/raw/ChMusic/Musics/6.2.wav,65.0,5.0,2,train
zhuiqin_r2_s015,6,Zhuiqin,2,zhuiqin_r2,data/raw/ChMusic/Musics/6.2.wav,70.0,5.0,2,train
zhuiqin_r2_s016,6,Zhuiqin,2,zhuiqin_r2,data/raw/ChMusic/Musics/6.2.wav,75.0,5.0,2,train
zhuiqin_r2_s017,6,Zhuiqin,2,zhuiqin_r2,data/raw/ChMusic/Musics/6.2.wav,80.0,5.0,2,train
zhuiqin_r3_s001,6,Zhuiqin,3,zhuiqin_r3,data/raw/ChMusic/Musics/6.3.wav,0.0,5.0,3,train
zhuiqin_r3_s002,6,Zhuiqin,3,zhuiqin_r3,data/raw/ChMusic/Musics/6.3.wav,5.0,5.0,3,train
zhuiqin_r3_s003,6,Zhuiqin,3,zhuiqin_r3,data/raw/ChMusic/Musics/6.3.wav,10.0,5.0,3,train
zhuiqin_r3_s004,6,Zhuiqin,3,zhuiqin_r3,data/raw/ChMusic/Musics/6.3.wav,15.0,5.0,3,train
zhuiqin_r3_s005,6,Zhuiqin,3,zhuiqin_r3,data/raw/ChMusic/Musics/6.3.wav,20.0,5.0,3,train
zhuiqin_r3_s006,6,Zhuiqin,3,zhuiqin_r3,data/raw/ChMusic/Musics/6.3.wav,25.0,5.0,3,train
zhuiqin_r3_s007,6,Zhuiqin,3,zhuiqin_r3,data/raw/ChMusic/Musics/6.3.wav,30.0,5.0,3,train
zhuiqin_r3_s008,6,Zhuiqin,3,zhuiqin_r3,data/raw/ChMusic/Musics/6.3.wav,35.0,5.0,3,train
zhuiqin_r3_s009,6,Zhuiqin,3,zhuiqin_r3,data/raw/ChMusic/Musics/6.3.wav,40.0,5.0,3,train
zhuiqin_r3_s010,6,Zhuiqin,3,zhuiqin_r3,data/raw/ChMusic/Musics/6.3.wav,45.0,5.0,3,train
zhuiqin_r3_s011,6,Zhuiqin,3,zhuiqin_r3,data/raw/ChMusic/Musics/6.3.wav,50.0,5.0,3,train
zhuiqin_r3_s012,6,Zhuiqin,3,zhuiqin_r3,data/raw/ChMusic/Musics/6.3.wav,55.0,5.0,3,train
zhuiqin_r3_s013,6,Zhuiqin,3,zhuiqin_r3,data/raw/ChMusic/Musics/6.3.wav,60.0,5.0,3,train
zhuiqin_r3_s014,6,Zhuiqin,3,zhuiqin_r3,data/raw/ChMusic/Musics/6.3.wav,65.0,5.0,3,train
zhuiqin_r3_s015,6,Zhuiqin,3,zhuiqin_r3,data/raw/ChMusic/Musics/6.3.wav,70.0,5.0,3,train
zhuiqin_r3_s016,6,Zhuiqin,3,zhuiqin_r3,data/raw/ChMusic/Musics/6.3.wav,75.0,5.0,3,train
zhuiqin_r3_s017,6,Zhuiqin,3,zhuiqin_r3,data/raw/ChMusic/Musics/6.3.wav,80.0,5.0,3,train
zhuiqin_r3_s018,6,Zhuiqin,3,zhuiqin_r3,data/raw/ChMusic/Musics/6.3.wav,85.0,5.0,3,train
zhuiqin_r3_s019,6,Zhuiqin,3,zhuiqin_r3,data/raw/ChMusic/Musics/6.3.wav,90.0,5.0,3,train
zhuiqin_r3_s020,6,Zhuiqin,3,zhuiqin_r3,data/raw/ChMusic/Musics/6.3.wav,95.0,5.0,3,train
zhuiqin_r4_s001,6,Zhuiqin,4,zhuiqin_r4,data/raw/ChMusic/Musics/6.4.wav,0.0,5.0,4,train
zhuiqin_r4_s002,6,Zhuiqin,4,zhuiqin_r4,data/raw/ChMusic/Musics/6.4.wav,5.0,5.0,4,train
zhuiqin_r4_s003,6,Zhuiqin,4,zhuiqin_r4,data/raw/ChMusic/Musics/6.4.wav,10.0,5.0,4,train
zhuiqin_r4_s004,6,Zhuiqin,4,zhuiqin_r4,data/raw/ChMusic/Musics/6.4.wav,15.0,5.0,4,train
zhuiqin_r4_s005,6,Zhuiqin,4,zhuiqin_r4,data/raw/ChMusic/Musics/6.4.wav,20.0,5.0,4,train
zhuiqin_r4_s006,6,Zhuiqin,4,zhuiqin_r4,data/raw/ChMusic/Musics/6.4.wav,25.0,5.0,4,train
zhuiqin_r4_s007,6,Zhuiqin,4,zhuiqin_r4,data/raw/ChMusic/Musics/6.4.wav,30.0,5.0,4,train
zhuiqin_r4_s008,6,Zhuiqin,4,zhuiqin_r4,data/raw/ChMusic/Musics/6.4.wav,35.0,5.0,4,train
zhuiqin_r4_s009,6,Zhuiqin,4,zhuiqin_r4,data/raw/ChMusic/Musics/6.4.wav,40.0,5.0,4,train
zhuiqin_r4_s010,6,Zhuiqin,4,zhuiqin_r4,data/raw/ChMusic/Musics/6.4.wav,45.0,5.0,4,train
zhuiqin_r4_s011,6,Zhuiqin,4,zhuiqin_r4,data/raw/ChMusic/Musics/6.4.wav,50.0,5.0,4,train
zhuiqin_r4_s012,6,Zhuiqin,4,zhuiqin_r4,data/raw/ChMusic/Musics/6.4.wav,55.0,5.0,4,train
zhuiqin_r4_s013,6,Zhuiqin,4,zhuiqin_r4,data/raw/ChMusic/Musics/6.4.wav,60.0,5.0,4,train
zhuiqin_r4_s014,6,Zhuiqin,4,zhuiqin_r4,data/raw/ChMusic/Musics/6.4.wav,65.0,5.0,4,train
zhuiqin_r4_s015,6,Zhuiqin,4,zhuiqin_r4,data/raw/ChMusic/Musics/6.4.wav,70.0,5.0,4,train
zhuiqin_r4_s016,6,Zhuiqin,4,zhuiqin_r4,data/raw/ChMusic/Musics/6.4.wav,75.0,5.0,4,train
zhuiqin_r4_s017,6,Zhuiqin,4,zhuiqin_r4,data/raw/ChMusic/Musics/6.4.wav,80.0,5.0,4,train
zhuiqin_r4_s018,6,Zhuiqin,4,zhuiqin_r4,data/raw/ChMusic/Musics/6.4.wav,85.0,5.0,4,train
zhuiqin_r4_s019,6,Zhuiqin,4,zhuiqin_r4,data/raw/ChMusic/Musics/6.4.wav,90.0,5.0,4,train
zhuiqin_r5_s001,6,Zhuiqin,5,zhuiqin_r5,data/raw/ChMusic/Musics/6.5.wav,0.0,5.0,5,test
zhuiqin_r5_s002,6,Zhuiqin,5,zhuiqin_r5,data/raw/ChMusic/Musics/6.5.wav,5.0,5.0,5,test
zhuiqin_r5_s003,6,Zhuiqin,5,zhuiqin_r5,data/raw/ChMusic/Musics/6.5.wav,10.0,5.0,5,test
zhuiqin_r5_s004,6,Zhuiqin,5,zhuiqin_r5,data/raw/ChMusic/Musics/6.5.wav,15.0,5.0,5,test
zhuiqin_r5_s005,6,Zhuiqin,5,zhuiqin_r5,data/raw/ChMusic/Musics/6.5.wav,20.0,5.0,5,test
zhuiqin_r5_s006,6,Zhuiqin,5,zhuiqin_r5,data/raw/ChMusic/Musics/6.5.wav,25.0,5.0,5,test
zhuiqin_r5_s007,6,Zhuiqin,5,zhuiqin_r5,data/raw/ChMusic/Musics/6.5.wav,30.0,5.0,5,test
zhongruan_r1_s001,7,Zhongruan,1,zhongruan_r1,data/raw/ChMusic/Musics/7.1.wav,0.0,5.0,1,train
zhongruan_r1_s002,7,Zhongruan,1,zhongruan_r1,data/raw/ChMusic/Musics/7.1.wav,5.0,5.0,1,train
zhongruan_r1_s003,7,Zhongruan,1,zhongruan_r1,data/raw/ChMusic/Musics/7.1.wav,10.0,5.0,1,train
zhongruan_r1_s004,7,Zhongruan,1,zhongruan_r1,data/raw/ChMusic/Musics/7.1.wav,15.0,5.0,1,train
zhongruan_r1_s005,7,Zhongruan,1,zhongruan_r1,data/raw/ChMusic/Musics/7.1.wav,20.0,5.0,1,train
zhongruan_r1_s006,7,Zhongruan,1,zhongruan_r1,data/raw/ChMusic/Musics/7.1.wav,25.0,5.0,1,train
zhongruan_r1_s007,7,Zhongruan,1,zhongruan_r1,data/raw/ChMusic/Musics/7.1.wav,30.0,5.0,1,train
zhongruan_r1_s008,7,Zhongruan,1,zhongruan_r1,data/raw/ChMusic/Musics/7.1.wav,35.0,5.0,1,train
zhongruan_r1_s009,7,Zhongruan,1,zhongruan_r1,data/raw/ChMusic/Musics/7.1.wav,40.0,5.0,1,train
zhongruan_r1_s010,7,Zhongruan,1,zhongruan_r1,data/raw/ChMusic/Musics/7.1.wav,45.0,5.0,1,train
zhongruan_r1_s011,7,Zhongruan,1,zhongruan_r1,data/raw/ChMusic/Musics/7.1.wav,50.0,5.0,1,train
zhongruan_r1_s012,7,Zhongruan,1,zhongruan_r1,data/raw/ChMusic/Musics/7.1.wav,55.0,5.0,1,train
zhongruan_r1_s013,7,Zhongruan,1,zhongruan_r1,data/raw/ChMusic/Musics/7.1.wav,60.0,5.0,1,train
zhongruan_r1_s014,7,Zhongruan,1,zhongruan_r1,data/raw/ChMusic/Musics/7.1.wav,65.0,5.0,1,train
zhongruan_r1_s015,7,Zhongruan,1,zhongruan_r1,data/raw/ChMusic/Musics/7.1.wav,70.0,5.0,1,train
zhongruan_r1_s016,7,Zhongruan,1,zhongruan_r1,data/raw/ChMusic/Musics/7.1.wav,75.0,5.0,1,train
zhongruan_r1_s017,7,Zhongruan,1,zhongruan_r1,data/raw/ChMusic/Musics/7.1.wav,80.0,5.0,1,train
zhongruan_r1_s018,7,Zhongruan,1,zhongruan_r1,data/raw/ChMusic/Musics/7.1.wav,85.0,5.0,1,train
zhongruan_r2_s001,7,Zhongruan,2,zhongruan_r2,data/raw/ChMusic/Musics/7.2.wav,0.0,5.0,2,train
zhongruan_r2_s002,7,Zhongruan,2,zhongruan_r2,data/raw/ChMusic/Musics/7.2.wav,5.0,5.0,2,train
zhongruan_r2_s003,7,Zhongruan,2,zhongruan_r2,data/raw/ChMusic/Musics/7.2.wav,10.0,5.0,2,train
zhongruan_r2_s004,7,Zhongruan,2,zhongruan_r2,data/raw/ChMusic/Musics/7.2.wav,15.0,5.0,2,train
zhongruan_r2_s005,7,Zhongruan,2,zhongruan_r2,data/raw/ChMusic/Musics/7.2.wav,20.0,5.0,2,train
zhongruan_r2_s006,7,Zhongruan,2,zhongruan_r2,data/raw/ChMusic/Musics/7.2.wav,25.0,5.0,2,train
zhongruan_r2_s007,7,Zhongruan,2,zhongruan_r2,data/raw/ChMusic/Musics/7.2.wav,30.0,5.0,2,train
zhongruan_r2_s008,7,Zhongruan,2,zhongruan_r2,data/raw/ChMusic/Musics/7.2.wav,35.0,5.0,2,train
zhongruan_r2_s009,7,Zhongruan,2,zhongruan_r2,data/raw/ChMusic/Musics/7.2.wav,40.0,5.0,2,train
zhongruan_r2_s010,7,Zhongruan,2,zhongruan_r2,data/raw/ChMusic/Musics/7.2.wav,45.0,5.0,2,train
zhongruan_r2_s011,7,Zhongruan,2,zhongruan_r2,data/raw/ChMusic/Musics/7.2.wav,50.0,5.0,2,train
zhongruan_r2_s012,7,Zhongruan,2,zhongruan_r2,data/raw/ChMusic/Musics/7.2.wav,55.0,5.0,2,train
zhongruan_r2_s013,7,Zhongruan,2,zhongruan_r2,data/raw/ChMusic/Musics/7.2.wav,60.0,5.0,2,train
zhongruan_r2_s014,7,Zhongruan,2,zhongruan_r2,data/raw/ChMusic/Musics/7.2.wav,65.0,5.0,2,train
zhongruan_r3_s001,7,Zhongruan,3,zhongruan_r3,data/raw/ChMusic/Musics/7.3.wav,0.0,5.0,3,train
zhongruan_r3_s002,7,Zhongruan,3,zhongruan_r3,data/raw/ChMusic/Musics/7.3.wav,5.0,5.0,3,train
zhongruan_r3_s003,7,Zhongruan,3,zhongruan_r3,data/raw/ChMusic/Musics/7.3.wav,10.0,5.0,3,train
zhongruan_r3_s004,7,Zhongruan,3,zhongruan_r3,data/raw/ChMusic/Musics/7.3.wav,15.0,5.0,3,train
zhongruan_r3_s005,7,Zhongruan,3,zhongruan_r3,data/raw/ChMusic/Musics/7.3.wav,20.0,5.0,3,train
zhongruan_r3_s006,7,Zhongruan,3,zhongruan_r3,data/raw/ChMusic/Musics/7.3.wav,25.0,5.0,3,train
zhongruan_r3_s007,7,Zhongruan,3,zhongruan_r3,data/raw/ChMusic/Musics/7.3.wav,30.0,5.0,3,train
zhongruan_r3_s008,7,Zhongruan,3,zhongruan_r3,data/raw/ChMusic/Musics/7.3.wav,35.0,5.0,3,train
zhongruan_r3_s009,7,Zhongruan,3,zhongruan_r3,data/raw/ChMusic/Musics/7.3.wav,40.0,5.0,3,train
zhongruan_r3_s010,7,Zhongruan,3,zhongruan_r3,data/raw/ChMusic/Musics/7.3.wav,45.0,5.0,3,train
zhongruan_r3_s011,7,Zhongruan,3,zhongruan_r3,data/raw/ChMusic/Musics/7.3.wav,50.0,5.0,3,train
zhongruan_r3_s012,7,Zhongruan,3,zhongruan_r3,data/raw/ChMusic/Musics/7.3.wav,55.0,5.0,3,train
zhongruan_r3_s013,7,Zhongruan,3,zhongruan_r3,data/raw/ChMusic/Musics/7.3.wav,60.0,5.0,3,train
zhongruan_r3_s014,7,Zhongruan,3,zhongruan_r3,data/raw/ChMusic/Musics/7.3.wav,65.0,5.0,3,train
zhongruan_r3_s015,7,Zhongruan,3,zhongruan_r3,data/raw/ChMusic/Musics/7.3.wav,70.0,5.0,3,train
zhongruan_r3_s016,7,Zhongruan,3,zhongruan_r3,data/raw/ChMusic/Musics/7.3.wav,75.0,5.0,3,train
zhongruan_r3_s017,7,Zhongruan,3,zhongruan_r3,data/raw/ChMusic/Musics/7.3.wav,80.0,5.0,3,train
zhongruan_r3_s018,7,Zhongruan,3,zhongruan_r3,data/raw/ChMusic/Musics/7.3.wav,85.0,5.0,3,train
zhongruan_r3_s019,7,Zhongruan,3,zhongruan_r3,data/raw/ChMusic/Musics/7.3.wav,90.0,5.0,3,train
zhongruan_r3_s020,7,Zhongruan,3,zhongruan_r3,data/raw/ChMusic/Musics/7.3.wav,95.0,5.0,3,train
zhongruan_r3_s021,7,Zhongruan,3,zhongruan_r3,data/raw/ChMusic/Musics/7.3.wav,100.0,5.0,3,train
zhongruan_r3_s022,7,Zhongruan,3,zhongruan_r3,data/raw/ChMusic/Musics/7.3.wav,105.0,5.0,3,train
zhongruan_r3_s023,7,Zhongruan,3,zhongruan_r3,data/raw/ChMusic/Musics/7.3.wav,110.0,5.0,3,train
zhongruan_r3_s024,7,Zhongruan,3,zhongruan_r3,data/raw/ChMusic/Musics/7.3.wav,115.0,5.0,3,train
zhongruan_r3_s025,7,Zhongruan,3,zhongruan_r3,data/raw/ChMusic/Musics/7.3.wav,120.0,5.0,3,train
zhongruan_r4_s001,7,Zhongruan,4,zhongruan_r4,data/raw/ChMusic/Musics/7.4.wav,0.0,5.0,4,train
zhongruan_r4_s002,7,Zhongruan,4,zhongruan_r4,data/raw/ChMusic/Musics/7.4.wav,5.0,5.0,4,train
zhongruan_r4_s003,7,Zhongruan,4,zhongruan_r4,data/raw/ChMusic/Musics/7.4.wav,10.0,5.0,4,train
zhongruan_r4_s004,7,Zhongruan,4,zhongruan_r4,data/raw/ChMusic/Musics/7.4.wav,15.0,5.0,4,train
zhongruan_r4_s005,7,Zhongruan,4,zhongruan_r4,data/raw/ChMusic/Musics/7.4.wav,20.0,5.0,4,train
zhongruan_r4_s006,7,Zhongruan,4,zhongruan_r4,data/raw/ChMusic/Musics/7.4.wav,25.0,5.0,4,train
zhongruan_r4_s007,7,Zhongruan,4,zhongruan_r4,data/raw/ChMusic/Musics/7.4.wav,30.0,5.0,4,train
zhongruan_r4_s008,7,Zhongruan,4,zhongruan_r4,data/raw/ChMusic/Musics/7.4.wav,35.0,5.0,4,train
zhongruan_r4_s009,7,Zhongruan,4,zhongruan_r4,data/raw/ChMusic/Musics/7.4.wav,40.0,5.0,4,train
zhongruan_r4_s010,7,Zhongruan,4,zhongruan_r4,data/raw/ChMusic/Musics/7.4.wav,45.0,5.0,4,train
zhongruan_r4_s011,7,Zhongruan,4,zhongruan_r4,data/raw/ChMusic/Musics/7.4.wav,50.0,5.0,4,train
zhongruan_r4_s012,7,Zhongruan,4,zhongruan_r4,data/raw/ChMusic/Musics/7.4.wav,55.0,5.0,4,train
zhongruan_r4_s013,7,Zhongruan,4,zhongruan_r4,data/raw/ChMusic/Musics/7.4.wav,60.0,5.0,4,train
zhongruan_r4_s014,7,Zhongruan,4,zhongruan_r4,data/raw/ChMusic/Musics/7.4.wav,65.0,5.0,4,train
zhongruan_r4_s015,7,Zhongruan,4,zhongruan_r4,data/raw/ChMusic/Musics/7.4.wav,70.0,5.0,4,train
zhongruan_r4_s016,7,Zhongruan,4,zhongruan_r4,data/raw/ChMusic/Musics/7.4.wav,75.0,5.0,4,train
zhongruan_r4_s017,7,Zhongruan,4,zhongruan_r4,data/raw/ChMusic/Musics/7.4.wav,80.0,5.0,4,train
zhongruan_r5_s001,7,Zhongruan,5,zhongruan_r5,data/raw/ChMusic/Musics/7.5.wav,0.0,5.0,5,test
zhongruan_r5_s002,7,Zhongruan,5,zhongruan_r5,data/raw/ChMusic/Musics/7.5.wav,5.0,5.0,5,test
zhongruan_r5_s003,7,Zhongruan,5,zhongruan_r5,data/raw/ChMusic/Musics/7.5.wav,10.0,5.0,5,test
zhongruan_r5_s004,7,Zhongruan,5,zhongruan_r5,data/raw/ChMusic/Musics/7.5.wav,15.0,5.0,5,test
zhongruan_r5_s005,7,Zhongruan,5,zhongruan_r5,data/raw/ChMusic/Musics/7.5.wav,20.0,5.0,5,test
zhongruan_r5_s006,7,Zhongruan,5,zhongruan_r5,data/raw/ChMusic/Musics/7.5.wav,25.0,5.0,5,test
zhongruan_r5_s007,7,Zhongruan,5,zhongruan_r5,data/raw/ChMusic/Musics/7.5.wav,30.0,5.0,5,test
zhongruan_r5_s008,7,Zhongruan,5,zhongruan_r5,data/raw/ChMusic/Musics/7.5.wav,35.0,5.0,5,test
zhongruan_r5_s009,7,Zhongruan,5,zhongruan_r5,data/raw/ChMusic/Musics/7.5.wav,40.0,5.0,5,test
zhongruan_r5_s010,7,Zhongruan,5,zhongruan_r5,data/raw/ChMusic/Musics/7.5.wav,45.0,5.0,5,test
zhongruan_r5_s011,7,Zhongruan,5,zhongruan_r5,data/raw/ChMusic/Musics/7.5.wav,50.0,5.0,5,test
zhongruan_r5_s012,7,Zhongruan,5,zhongruan_r5,data/raw/ChMusic/Musics/7.5.wav,55.0,5.0,5,test
zhongruan_r5_s013,7,Zhongruan,5,zhongruan_r5,data/raw/ChMusic/Musics/7.5.wav,60.0,5.0,5,test
zhongruan_r5_s014,7,Zhongruan,5,zhongruan_r5,data/raw/ChMusic/Musics/7.5.wav,65.0,5.0,5,test
zhongruan_r5_s015,7,Zhongruan,5,zhongruan_r5,data/raw/ChMusic/Musics/7.5.wav,70.0,5.0,5,test
zhongruan_r5_s016,7,Zhongruan,5,zhongruan_r5,data/raw/ChMusic/Musics/7.5.wav,75.0,5.0,5,test
zhongruan_r5_s017,7,Zhongruan,5,zhongruan_r5,data/raw/ChMusic/Musics/7.5.wav,80.0,5.0,5,test
zhongruan_r5_s018,7,Zhongruan,5,zhongruan_r5,data/raw/ChMusic/Musics/7.5.wav,85.0,5.0,5,test
zhongruan_r5_s019,7,Zhongruan,5,zhongruan_r5,data/raw/ChMusic/Musics/7.5.wav,90.0,5.0,5,test
zhongruan_r5_s020,7,Zhongruan,5,zhongruan_r5,data/raw/ChMusic/Musics/7.5.wav,95.0,5.0,5,test
liuqin_r1_s001,8,Liuqin,1,liuqin_r1,data/raw/ChMusic/Musics/8.1.wav,0.0,5.0,1,train
liuqin_r1_s002,8,Liuqin,1,liuqin_r1,data/raw/ChMusic/Musics/8.1.wav,5.0,5.0,1,train
liuqin_r1_s003,8,Liuqin,1,liuqin_r1,data/raw/ChMusic/Musics/8.1.wav,10.0,5.0,1,train
liuqin_r1_s004,8,Liuqin,1,liuqin_r1,data/raw/ChMusic/Musics/8.1.wav,15.0,5.0,1,train
liuqin_r1_s005,8,Liuqin,1,liuqin_r1,data/raw/ChMusic/Musics/8.1.wav,20.0,5.0,1,train
liuqin_r1_s006,8,Liuqin,1,liuqin_r1,data/raw/ChMusic/Musics/8.1.wav,25.0,5.0,1,train
liuqin_r1_s007,8,Liuqin,1,liuqin_r1,data/raw/ChMusic/Musics/8.1.wav,30.0,5.0,1,train
liuqin_r1_s008,8,Liuqin,1,liuqin_r1,data/raw/ChMusic/Musics/8.1.wav,35.0,5.0,1,train
liuqin_r1_s009,8,Liuqin,1,liuqin_r1,data/raw/ChMusic/Musics/8.1.wav,40.0,5.0,1,train
liuqin_r1_s010,8,Liuqin,1,liuqin_r1,data/raw/ChMusic/Musics/8.1.wav,45.0,5.0,1,train
liuqin_r1_s011,8,Liuqin,1,liuqin_r1,data/raw/ChMusic/Musics/8.1.wav,50.0,5.0,1,train
liuqin_r1_s012,8,Liuqin,1,liuqin_r1,data/raw/ChMusic/Musics/8.1.wav,55.0,5.0,1,train
liuqin_r2_s001,8,Liuqin,2,liuqin_r2,data/raw/ChMusic/Musics/8.2.wav,0.0,5.0,2,train
liuqin_r2_s002,8,Liuqin,2,liuqin_r2,data/raw/ChMusic/Musics/8.2.wav,5.0,5.0,2,train
liuqin_r2_s003,8,Liuqin,2,liuqin_r2,data/raw/ChMusic/Musics/8.2.wav,10.0,5.0,2,train
liuqin_r2_s004,8,Liuqin,2,liuqin_r2,data/raw/ChMusic/Musics/8.2.wav,15.0,5.0,2,train
liuqin_r2_s005,8,Liuqin,2,liuqin_r2,data/raw/ChMusic/Musics/8.2.wav,20.0,5.0,2,train
liuqin_r2_s006,8,Liuqin,2,liuqin_r2,data/raw/ChMusic/Musics/8.2.wav,25.0,5.0,2,train
liuqin_r2_s007,8,Liuqin,2,liuqin_r2,data/raw/ChMusic/Musics/8.2.wav,30.0,5.0,2,train
liuqin_r2_s008,8,Liuqin,2,liuqin_r2,data/raw/ChMusic/Musics/8.2.wav,35.0,5.0,2,train
liuqin_r2_s009,8,Liuqin,2,liuqin_r2,data/raw/ChMusic/Musics/8.2.wav,40.0,5.0,2,train
liuqin_r2_s010,8,Liuqin,2,liuqin_r2,data/raw/ChMusic/Musics/8.2.wav,45.0,5.0,2,train
liuqin_r2_s011,8,Liuqin,2,liuqin_r2,data/raw/ChMusic/Musics/8.2.wav,50.0,5.0,2,train
liuqin_r2_s012,8,Liuqin,2,liuqin_r2,data/raw/ChMusic/Musics/8.2.wav,55.0,5.0,2,train
liuqin_r2_s013,8,Liuqin,2,liuqin_r2,data/raw/ChMusic/Musics/8.2.wav,60.0,5.0,2,train
liuqin_r2_s014,8,Liuqin,2,liuqin_r2,data/raw/ChMusic/Musics/8.2.wav,65.0,5.0,2,train
liuqin_r2_s015,8,Liuqin,2,liuqin_r2,data/raw/ChMusic/Musics/8.2.wav,70.0,5.0,2,train
liuqin_r2_s016,8,Liuqin,2,liuqin_r2,data/raw/ChMusic/Musics/8.2.wav,75.0,5.0,2,train
liuqin_r2_s017,8,Liuqin,2,liuqin_r2,data/raw/ChMusic/Musics/8.2.wav,80.0,5.0,2,train
liuqin_r2_s018,8,Liuqin,2,liuqin_r2,data/raw/ChMusic/Musics/8.2.wav,85.0,5.0,2,train
liuqin_r2_s019,8,Liuqin,2,liuqin_r2,data/raw/ChMusic/Musics/8.2.wav,90.0,5.0,2,train
liuqin_r2_s020,8,Liuqin,2,liuqin_r2,data/raw/ChMusic/Musics/8.2.wav,95.0,5.0,2,train
liuqin_r2_s021,8,Liuqin,2,liuqin_r2,data/raw/ChMusic/Musics/8.2.wav,100.0,5.0,2,train
liuqin_r2_s022,8,Liuqin,2,liuqin_r2,data/raw/ChMusic/Musics/8.2.wav,105.0,5.0,2,train
liuqin_r3_s001,8,Liuqin,3,liuqin_r3,data/raw/ChMusic/Musics/8.3.wav,0.0,5.0,3,train
liuqin_r3_s002,8,Liuqin,3,liuqin_r3,data/raw/ChMusic/Musics/8.3.wav,5.0,5.0,3,train
liuqin_r3_s003,8,Liuqin,3,liuqin_r3,data/raw/ChMusic/Musics/8.3.wav,10.0,5.0,3,train
liuqin_r3_s004,8,Liuqin,3,liuqin_r3,data/raw/ChMusic/Musics/8.3.wav,15.0,5.0,3,train
liuqin_r3_s005,8,Liuqin,3,liuqin_r3,data/raw/ChMusic/Musics/8.3.wav,20.0,5.0,3,train
liuqin_r3_s006,8,Liuqin,3,liuqin_r3,data/raw/ChMusic/Musics/8.3.wav,25.0,5.0,3,train
liuqin_r3_s007,8,Liuqin,3,liuqin_r3,data/raw/ChMusic/Musics/8.3.wav,30.0,5.0,3,train
liuqin_r3_s008,8,Liuqin,3,liuqin_r3,data/raw/ChMusic/Musics/8.3.wav,35.0,5.0,3,train
liuqin_r3_s009,8,Liuqin,3,liuqin_r3,data/raw/ChMusic/Musics/8.3.wav,40.0,5.0,3,train
liuqin_r3_s010,8,Liuqin,3,liuqin_r3,data/raw/ChMusic/Musics/8.3.wav,45.0,5.0,3,train
liuqin_r3_s011,8,Liuqin,3,liuqin_r3,data/raw/ChMusic/Musics/8.3.wav,50.0,5.0,3,train
liuqin_r3_s012,8,Liuqin,3,liuqin_r3,data/raw/ChMusic/Musics/8.3.wav,55.0,5.0,3,train
liuqin_r3_s013,8,Liuqin,3,liuqin_r3,data/raw/ChMusic/Musics/8.3.wav,60.0,5.0,3,train
liuqin_r3_s014,8,Liuqin,3,liuqin_r3,data/raw/ChMusic/Musics/8.3.wav,65.0,5.0,3,train
liuqin_r3_s015,8,Liuqin,3,liuqin_r3,data/raw/ChMusic/Musics/8.3.wav,70.0,5.0,3,train
liuqin_r3_s016,8,Liuqin,3,liuqin_r3,data/raw/ChMusic/Musics/8.3.wav,75.0,5.0,3,train
liuqin_r3_s017,8,Liuqin,3,liuqin_r3,data/raw/ChMusic/Musics/8.3.wav,80.0,5.0,3,train
liuqin_r3_s018,8,Liuqin,3,liuqin_r3,data/raw/ChMusic/Musics/8.3.wav,85.0,5.0,3,train
liuqin_r3_s019,8,Liuqin,3,liuqin_r3,data/raw/ChMusic/Musics/8.3.wav,90.0,5.0,3,train
liuqin_r3_s020,8,Liuqin,3,liuqin_r3,data/raw/ChMusic/Musics/8.3.wav,95.0,5.0,3,train
liuqin_r3_s021,8,Liuqin,3,liuqin_r3,data/raw/ChMusic/Musics/8.3.wav,100.0,5.0,3,train
liuqin_r4_s001,8,Liuqin,4,liuqin_r4,data/raw/ChMusic/Musics/8.4.wav,0.0,5.0,4,train
liuqin_r4_s002,8,Liuqin,4,liuqin_r4,data/raw/ChMusic/Musics/8.4.wav,5.0,5.0,4,train
liuqin_r4_s003,8,Liuqin,4,liuqin_r4,data/raw/ChMusic/Musics/8.4.wav,10.0,5.0,4,train
liuqin_r4_s004,8,Liuqin,4,liuqin_r4,data/raw/ChMusic/Musics/8.4.wav,15.0,5.0,4,train
liuqin_r4_s005,8,Liuqin,4,liuqin_r4,data/raw/ChMusic/Musics/8.4.wav,20.0,5.0,4,train
liuqin_r4_s006,8,Liuqin,4,liuqin_r4,data/raw/ChMusic/Musics/8.4.wav,25.0,5.0,4,train
liuqin_r4_s007,8,Liuqin,4,liuqin_r4,data/raw/ChMusic/Musics/8.4.wav,30.0,5.0,4,train
liuqin_r5_s001,8,Liuqin,5,liuqin_r5,data/raw/ChMusic/Musics/8.5.wav,0.0,5.0,5,test
liuqin_r5_s002,8,Liuqin,5,liuqin_r5,data/raw/ChMusic/Musics/8.5.wav,5.0,5.0,5,test
liuqin_r5_s003,8,Liuqin,5,liuqin_r5,data/raw/ChMusic/Musics/8.5.wav,10.0,5.0,5,test
liuqin_r5_s004,8,Liuqin,5,liuqin_r5,data/raw/ChMusic/Musics/8.5.wav,15.0,5.0,5,test
liuqin_r5_s005,8,Liuqin,5,liuqin_r5,data/raw/ChMusic/Musics/8.5.wav,20.0,5.0,5,test
liuqin_r5_s006,8,Liuqin,5,liuqin_r5,data/raw/ChMusic/Musics/8.5.wav,25.0,5.0,5,test
liuqin_r5_s007,8,Liuqin,5,liuqin_r5,data/raw/ChMusic/Musics/8.5.wav,30.0,5.0,5,test
guzheng_r1_s001,9,Guzheng,1,guzheng_r1,data/raw/ChMusic/Musics/9.1.wav,0.0,5.0,1,train
guzheng_r1_s002,9,Guzheng,1,guzheng_r1,data/raw/ChMusic/Musics/9.1.wav,5.0,5.0,1,train
guzheng_r1_s003,9,Guzheng,1,guzheng_r1,data/raw/ChMusic/Musics/9.1.wav,10.0,5.0,1,train
guzheng_r1_s004,9,Guzheng,1,guzheng_r1,data/raw/ChMusic/Musics/9.1.wav,15.0,5.0,1,train
guzheng_r1_s005,9,Guzheng,1,guzheng_r1,data/raw/ChMusic/Musics/9.1.wav,20.0,5.0,1,train
guzheng_r1_s006,9,Guzheng,1,guzheng_r1,data/raw/ChMusic/Musics/9.1.wav,25.0,5.0,1,train
guzheng_r1_s007,9,Guzheng,1,guzheng_r1,data/raw/ChMusic/Musics/9.1.wav,30.0,5.0,1,train
guzheng_r1_s008,9,Guzheng,1,guzheng_r1,data/raw/ChMusic/Musics/9.1.wav,35.0,5.0,1,train
guzheng_r1_s009,9,Guzheng,1,guzheng_r1,data/raw/ChMusic/Musics/9.1.wav,40.0,5.0,1,train
guzheng_r1_s010,9,Guzheng,1,guzheng_r1,data/raw/ChMusic/Musics/9.1.wav,45.0,5.0,1,train
guzheng_r1_s011,9,Guzheng,1,guzheng_r1,data/raw/ChMusic/Musics/9.1.wav,50.0,5.0,1,train
guzheng_r1_s012,9,Guzheng,1,guzheng_r1,data/raw/ChMusic/Musics/9.1.wav,55.0,5.0,1,train
guzheng_r1_s013,9,Guzheng,1,guzheng_r1,data/raw/ChMusic/Musics/9.1.wav,60.0,5.0,1,train
guzheng_r1_s014,9,Guzheng,1,guzheng_r1,data/raw/ChMusic/Musics/9.1.wav,65.0,5.0,1,train
guzheng_r1_s015,9,Guzheng,1,guzheng_r1,data/raw/ChMusic/Musics/9.1.wav,70.0,5.0,1,train
guzheng_r1_s016,9,Guzheng,1,guzheng_r1,data/raw/ChMusic/Musics/9.1.wav,75.0,5.0,1,train
guzheng_r1_s017,9,Guzheng,1,guzheng_r1,data/raw/ChMusic/Musics/9.1.wav,80.0,5.0,1,train
guzheng_r1_s018,9,Guzheng,1,guzheng_r1,data/raw/ChMusic/Musics/9.1.wav,85.0,5.0,1,train
guzheng_r1_s019,9,Guzheng,1,guzheng_r1,data/raw/ChMusic/Musics/9.1.wav,90.0,5.0,1,train
guzheng_r1_s020,9,Guzheng,1,guzheng_r1,data/raw/ChMusic/Musics/9.1.wav,95.0,5.0,1,train
guzheng_r1_s021,9,Guzheng,1,guzheng_r1,data/raw/ChMusic/Musics/9.1.wav,100.0,5.0,1,train
guzheng_r1_s022,9,Guzheng,1,guzheng_r1,data/raw/ChMusic/Musics/9.1.wav,105.0,5.0,1,train
guzheng_r1_s023,9,Guzheng,1,guzheng_r1,data/raw/ChMusic/Musics/9.1.wav,110.0,5.0,1,train
guzheng_r1_s024,9,Guzheng,1,guzheng_r1,data/raw/ChMusic/Musics/9.1.wav,115.0,5.0,1,train
guzheng_r1_s025,9,Guzheng,1,guzheng_r1,data/raw/ChMusic/Musics/9.1.wav,120.0,5.0,1,train
guzheng_r1_s026,9,Guzheng,1,guzheng_r1,data/raw/ChMusic/Musics/9.1.wav,125.0,5.0,1,train
guzheng_r1_s027,9,Guzheng,1,guzheng_r1,data/raw/ChMusic/Musics/9.1.wav,130.0,5.0,1,train
guzheng_r1_s028,9,Guzheng,1,guzheng_r1,data/raw/ChMusic/Musics/9.1.wav,135.0,5.0,1,train
guzheng_r1_s029,9,Guzheng,1,guzheng_r1,data/raw/ChMusic/Musics/9.1.wav,140.0,5.0,1,train
guzheng_r1_s030,9,Guzheng,1,guzheng_r1,data/raw/ChMusic/Musics/9.1.wav,145.0,5.0,1,train
guzheng_r1_s031,9,Guzheng,1,guzheng_r1,data/raw/ChMusic/Musics/9.1.wav,150.0,5.0,1,train
guzheng_r1_s032,9,Guzheng,1,guzheng_r1,data/raw/ChMusic/Musics/9.1.wav,155.0,5.0,1,train
guzheng_r2_s001,9,Guzheng,2,guzheng_r2,data/raw/ChMusic/Musics/9.2.wav,0.0,5.0,2,train
guzheng_r2_s002,9,Guzheng,2,guzheng_r2,data/raw/ChMusic/Musics/9.2.wav,5.0,5.0,2,train
guzheng_r2_s003,9,Guzheng,2,guzheng_r2,data/raw/ChMusic/Musics/9.2.wav,10.0,5.0,2,train
guzheng_r2_s004,9,Guzheng,2,guzheng_r2,data/raw/ChMusic/Musics/9.2.wav,15.0,5.0,2,train
guzheng_r2_s005,9,Guzheng,2,guzheng_r2,data/raw/ChMusic/Musics/9.2.wav,20.0,5.0,2,train
guzheng_r2_s006,9,Guzheng,2,guzheng_r2,data/raw/ChMusic/Musics/9.2.wav,25.0,5.0,2,train
guzheng_r2_s007,9,Guzheng,2,guzheng_r2,data/raw/ChMusic/Musics/9.2.wav,30.0,5.0,2,train
guzheng_r2_s008,9,Guzheng,2,guzheng_r2,data/raw/ChMusic/Musics/9.2.wav,35.0,5.0,2,train
guzheng_r2_s009,9,Guzheng,2,guzheng_r2,data/raw/ChMusic/Musics/9.2.wav,40.0,5.0,2,train
guzheng_r2_s010,9,Guzheng,2,guzheng_r2,data/raw/ChMusic/Musics/9.2.wav,45.0,5.0,2,train
guzheng_r2_s011,9,Guzheng,2,guzheng_r2,data/raw/ChMusic/Musics/9.2.wav,50.0,5.0,2,train
guzheng_r2_s012,9,Guzheng,2,guzheng_r2,data/raw/ChMusic/Musics/9.2.wav,55.0,5.0,2,train
guzheng_r2_s013,9,Guzheng,2,guzheng_r2,data/raw/ChMusic/Musics/9.2.wav,60.0,5.0,2,train
guzheng_r2_s014,9,Guzheng,2,guzheng_r2,data/raw/ChMusic/Musics/9.2.wav,65.0,5.0,2,train
guzheng_r2_s015,9,Guzheng,2,guzheng_r2,data/raw/ChMusic/Musics/9.2.wav,70.0,5.0,2,train
guzheng_r3_s001,9,Guzheng,3,guzheng_r3,data/raw/ChMusic/Musics/9.3.wav,0.0,5.0,3,train
guzheng_r3_s002,9,Guzheng,3,guzheng_r3,data/raw/ChMusic/Musics/9.3.wav,5.0,5.0,3,train
guzheng_r3_s003,9,Guzheng,3,guzheng_r3,data/raw/ChMusic/Musics/9.3.wav,10.0,5.0,3,train
guzheng_r3_s004,9,Guzheng,3,guzheng_r3,data/raw/ChMusic/Musics/9.3.wav,15.0,5.0,3,train
guzheng_r3_s005,9,Guzheng,3,guzheng_r3,data/raw/ChMusic/Musics/9.3.wav,20.0,5.0,3,train
guzheng_r3_s006,9,Guzheng,3,guzheng_r3,data/raw/ChMusic/Musics/9.3.wav,25.0,5.0,3,train
guzheng_r3_s007,9,Guzheng,3,guzheng_r3,data/raw/ChMusic/Musics/9.3.wav,30.0,5.0,3,train
guzheng_r3_s008,9,Guzheng,3,guzheng_r3,data/raw/ChMusic/Musics/9.3.wav,35.0,5.0,3,train
guzheng_r3_s009,9,Guzheng,3,guzheng_r3,data/raw/ChMusic/Musics/9.3.wav,40.0,5.0,3,train
guzheng_r3_s010,9,Guzheng,3,guzheng_r3,data/raw/ChMusic/Musics/9.3.wav,45.0,5.0,3,train
guzheng_r3_s011,9,Guzheng,3,guzheng_r3,data/raw/ChMusic/Musics/9.3.wav,50.0,5.0,3,train
guzheng_r3_s012,9,Guzheng,3,guzheng_r3,data/raw/ChMusic/Musics/9.3.wav,55.0,5.0,3,train
guzheng_r3_s013,9,Guzheng,3,guzheng_r3,data/raw/ChMusic/Musics/9.3.wav,60.0,5.0,3,train
guzheng_r3_s014,9,Guzheng,3,guzheng_r3,data/raw/ChMusic/Musics/9.3.wav,65.0,5.0,3,train
guzheng_r3_s015,9,Guzheng,3,guzheng_r3,data/raw/ChMusic/Musics/9.3.wav,70.0,5.0,3,train
guzheng_r3_s016,9,Guzheng,3,guzheng_r3,data/raw/ChMusic/Musics/9.3.wav,75.0,5.0,3,train
guzheng_r3_s017,9,Guzheng,3,guzheng_r3,data/raw/ChMusic/Musics/9.3.wav,80.0,5.0,3,train
guzheng_r3_s018,9,Guzheng,3,guzheng_r3,data/raw/ChMusic/Musics/9.3.wav,85.0,5.0,3,train
guzheng_r3_s019,9,Guzheng,3,guzheng_r3,data/raw/ChMusic/Musics/9.3.wav,90.0,5.0,3,train
guzheng_r3_s020,9,Guzheng,3,guzheng_r3,data/raw/ChMusic/Musics/9.3.wav,95.0,5.0,3,train
guzheng_r3_s021,9,Guzheng,3,guzheng_r3,data/raw/ChMusic/Musics/9.3.wav,100.0,5.0,3,train
guzheng_r3_s022,9,Guzheng,3,guzheng_r3,data/raw/ChMusic/Musics/9.3.wav,105.0,5.0,3,train
guzheng_r3_s023,9,Guzheng,3,guzheng_r3,data/raw/ChMusic/Musics/9.3.wav,110.0,5.0,3,train
guzheng_r3_s024,9,Guzheng,3,guzheng_r3,data/raw/ChMusic/Musics/9.3.wav,115.0,5.0,3,train
guzheng_r3_s025,9,Guzheng,3,guzheng_r3,data/raw/ChMusic/Musics/9.3.wav,120.0,5.0,3,train
guzheng_r3_s026,9,Guzheng,3,guzheng_r3,data/raw/ChMusic/Musics/9.3.wav,125.0,5.0,3,train
guzheng_r3_s027,9,Guzheng,3,guzheng_r3,data/raw/ChMusic/Musics/9.3.wav,130.0,5.0,3,train
guzheng_r3_s028,9,Guzheng,3,guzheng_r3,data/raw/ChMusic/Musics/9.3.wav,135.0,5.0,3,train
guzheng_r4_s001,9,Guzheng,4,guzheng_r4,data/raw/ChMusic/Musics/9.4.wav,0.0,5.0,4,train
guzheng_r4_s002,9,Guzheng,4,guzheng_r4,data/raw/ChMusic/Musics/9.4.wav,5.0,5.0,4,train
guzheng_r4_s003,9,Guzheng,4,guzheng_r4,data/raw/ChMusic/Musics/9.4.wav,10.0,5.0,4,train
guzheng_r4_s004,9,Guzheng,4,guzheng_r4,data/raw/ChMusic/Musics/9.4.wav,15.0,5.0,4,train
guzheng_r4_s005,9,Guzheng,4,guzheng_r4,data/raw/ChMusic/Musics/9.4.wav,20.0,5.0,4,train
guzheng_r4_s006,9,Guzheng,4,guzheng_r4,data/raw/ChMusic/Musics/9.4.wav,25.0,5.0,4,train
guzheng_r4_s007,9,Guzheng,4,guzheng_r4,data/raw/ChMusic/Musics/9.4.wav,30.0,5.0,4,train
guzheng_r4_s008,9,Guzheng,4,guzheng_r4,data/raw/ChMusic/Musics/9.4.wav,35.0,5.0,4,train
guzheng_r4_s009,9,Guzheng,4,guzheng_r4,data/raw/ChMusic/Musics/9.4.wav,40.0,5.0,4,train
guzheng_r4_s010,9,Guzheng,4,guzheng_r4,data/raw/ChMusic/Musics/9.4.wav,45.0,5.0,4,train
guzheng_r4_s011,9,Guzheng,4,guzheng_r4,data/raw/ChMusic/Musics/9.4.wav,50.0,5.0,4,train
guzheng_r4_s012,9,Guzheng,4,guzheng_r4,data/raw/ChMusic/Musics/9.4.wav,55.0,5.0,4,train
guzheng_r4_s013,9,Guzheng,4,guzheng_r4,data/raw/ChMusic/Musics/9.4.wav,60.0,5.0,4,train
guzheng_r4_s014,9,Guzheng,4,guzheng_r4,data/raw/ChMusic/Musics/9.4.wav,65.0,5.0,4,train
guzheng_r4_s015,9,Guzheng,4,guzheng_r4,data/raw/ChMusic/Musics/9.4.wav,70.0,5.0,4,train
guzheng_r4_s016,9,Guzheng,4,guzheng_r4,data/raw/ChMusic/Musics/9.4.wav,75.0,5.0,4,train
guzheng_r4_s017,9,Guzheng,4,guzheng_r4,data/raw/ChMusic/Musics/9.4.wav,80.0,5.0,4,train
guzheng_r4_s018,9,Guzheng,4,guzheng_r4,data/raw/ChMusic/Musics/9.4.wav,85.0,5.0,4,train
guzheng_r4_s019,9,Guzheng,4,guzheng_r4,data/raw/ChMusic/Musics/9.4.wav,90.0,5.0,4,train
guzheng_r4_s020,9,Guzheng,4,guzheng_r4,data/raw/ChMusic/Musics/9.4.wav,95.0,5.0,4,train
guzheng_r4_s021,9,Guzheng,4,guzheng_r4,data/raw/ChMusic/Musics/9.4.wav,100.0,5.0,4,train
guzheng_r5_s001,9,Guzheng,5,guzheng_r5,data/raw/ChMusic/Musics/9.5.wav,0.0,5.0,5,test
guzheng_r5_s002,9,Guzheng,5,guzheng_r5,data/raw/ChMusic/Musics/9.5.wav,5.0,5.0,5,test
guzheng_r5_s003,9,Guzheng,5,guzheng_r5,data/raw/ChMusic/Musics/9.5.wav,10.0,5.0,5,test
guzheng_r5_s004,9,Guzheng,5,guzheng_r5,data/raw/ChMusic/Musics/9.5.wav,15.0,5.0,5,test
guzheng_r5_s005,9,Guzheng,5,guzheng_r5,data/raw/ChMusic/Musics/9.5.wav,20.0,5.0,5,test
guzheng_r5_s006,9,Guzheng,5,guzheng_r5,data/raw/ChMusic/Musics/9.5.wav,25.0,5.0,5,test
guzheng_r5_s007,9,Guzheng,5,guzheng_r5,data/raw/ChMusic/Musics/9.5.wav,30.0,5.0,5,test
guzheng_r5_s008,9,Guzheng,5,guzheng_r5,data/raw/ChMusic/Musics/9.5.wav,35.0,5.0,5,test
guzheng_r5_s009,9,Guzheng,5,guzheng_r5,data/raw/ChMusic/Musics/9.5.wav,40.0,5.0,5,test
guzheng_r5_s010,9,Guzheng,5,guzheng_r5,data/raw/ChMusic/Musics/9.5.wav,45.0,5.0,5,test
guzheng_r5_s011,9,Guzheng,5,guzheng_r5,data/raw/ChMusic/Musics/9.5.wav,50.0,5.0,5,test
guzheng_r5_s012,9,Guzheng,5,guzheng_r5,data/raw/ChMusic/Musics/9.5.wav,55.0,5.0,5,test
guzheng_r5_s013,9,Guzheng,5,guzheng_r5,data/raw/ChMusic/Musics/9.5.wav,60.0,5.0,5,test
guzheng_r5_s014,9,Guzheng,5,guzheng_r5,data/raw/ChMusic/Musics/9.5.wav,65.0,5.0,5,test
guzheng_r5_s015,9,Guzheng,5,guzheng_r5,data/raw/ChMusic/Musics/9.5.wav,70.0,5.0,5,test
yangqin_r1_s001,10,Yangqin,1,yangqin_r1,data/raw/ChMusic/Musics/10.1.wav,0.0,5.0,1,train
yangqin_r1_s002,10,Yangqin,1,yangqin_r1,data/raw/ChMusic/Musics/10.1.wav,5.0,5.0,1,train
yangqin_r1_s003,10,Yangqin,1,yangqin_r1,data/raw/ChMusic/Musics/10.1.wav,10.0,5.0,1,train
yangqin_r1_s004,10,Yangqin,1,yangqin_r1,data/raw/ChMusic/Musics/10.1.wav,15.0,5.0,1,train
yangqin_r1_s005,10,Yangqin,1,yangqin_r1,data/raw/ChMusic/Musics/10.1.wav,20.0,5.0,1,train
yangqin_r1_s006,10,Yangqin,1,yangqin_r1,data/raw/ChMusic/Musics/10.1.wav,25.0,5.0,1,train
yangqin_r1_s007,10,Yangqin,1,yangqin_r1,data/raw/ChMusic/Musics/10.1.wav,30.0,5.0,1,train
yangqin_r1_s008,10,Yangqin,1,yangqin_r1,data/raw/ChMusic/Musics/10.1.wav,35.0,5.0,1,train
yangqin_r1_s009,10,Yangqin,1,yangqin_r1,data/raw/ChMusic/Musics/10.1.wav,40.0,5.0,1,train
yangqin_r1_s010,10,Yangqin,1,yangqin_r1,data/raw/ChMusic/Musics/10.1.wav,45.0,5.0,1,train
yangqin_r1_s011,10,Yangqin,1,yangqin_r1,data/raw/ChMusic/Musics/10.1.wav,50.0,5.0,1,train
yangqin_r1_s012,10,Yangqin,1,yangqin_r1,data/raw/ChMusic/Musics/10.1.wav,55.0,5.0,1,train
yangqin_r1_s013,10,Yangqin,1,yangqin_r1,data/raw/ChMusic/Musics/10.1.wav,60.0,5.0,1,train
yangqin_r1_s014,10,Yangqin,1,yangqin_r1,data/raw/ChMusic/Musics/10.1.wav,65.0,5.0,1,train
yangqin_r2_s001,10,Yangqin,2,yangqin_r2,data/raw/ChMusic/Musics/10.2.wav,0.0,5.0,2,train
yangqin_r2_s002,10,Yangqin,2,yangqin_r2,data/raw/ChMusic/Musics/10.2.wav,5.0,5.0,2,train
yangqin_r2_s003,10,Yangqin,2,yangqin_r2,data/raw/ChMusic/Musics/10.2.wav,10.0,5.0,2,train
yangqin_r2_s004,10,Yangqin,2,yangqin_r2,data/raw/ChMusic/Musics/10.2.wav,15.0,5.0,2,train
yangqin_r2_s005,10,Yangqin,2,yangqin_r2,data/raw/ChMusic/Musics/10.2.wav,20.0,5.0,2,train
yangqin_r2_s006,10,Yangqin,2,yangqin_r2,data/raw/ChMusic/Musics/10.2.wav,25.0,5.0,2,train
yangqin_r2_s007,10,Yangqin,2,yangqin_r2,data/raw/ChMusic/Musics/10.2.wav,30.0,5.0,2,train
yangqin_r2_s008,10,Yangqin,2,yangqin_r2,data/raw/ChMusic/Musics/10.2.wav,35.0,5.0,2,train
yangqin_r2_s009,10,Yangqin,2,yangqin_r2,data/raw/ChMusic/Musics/10.2.wav,40.0,5.0,2,train
yangqin_r2_s010,10,Yangqin,2,yangqin_r2,data/raw/ChMusic/Musics/10.2.wav,45.0,5.0,2,train
yangqin_r3_s001,10,Yangqin,3,yangqin_r3,data/raw/ChMusic/Musics/10.3.wav,0.0,5.0,3,train
yangqin_r3_s002,10,Yangqin,3,yangqin_r3,data/raw/ChMusic/Musics/10.3.wav,5.0,5.0,3,train
yangqin_r3_s003,10,Yangqin,3,yangqin_r3,data/raw/ChMusic/Musics/10.3.wav,10.0,5.0,3,train
yangqin_r3_s004,10,Yangqin,3,yangqin_r3,data/raw/ChMusic/Musics/10.3.wav,15.0,5.0,3,train
yangqin_r3_s005,10,Yangqin,3,yangqin_r3,data/raw/ChMusic/Musics/10.3.wav,20.0,5.0,3,train
yangqin_r3_s006,10,Yangqin,3,yangqin_r3,data/raw/ChMusic/Musics/10.3.wav,25.0,5.0,3,train
yangqin_r3_s007,10,Yangqin,3,yangqin_r3,data/raw/ChMusic/Musics/10.3.wav,30.0,5.0,3,train
yangqin_r3_s008,10,Yangqin,3,yangqin_r3,data/raw/ChMusic/Musics/10.3.wav,35.0,5.0,3,train
yangqin_r3_s009,10,Yangqin,3,yangqin_r3,data/raw/ChMusic/Musics/10.3.wav,40.0,5.0,3,train
yangqin_r3_s010,10,Yangqin,3,yangqin_r3,data/raw/ChMusic/Musics/10.3.wav,45.0,5.0,3,train
yangqin_r3_s011,10,Yangqin,3,yangqin_r3,data/raw/ChMusic/Musics/10.3.wav,50.0,5.0,3,train
yangqin_r3_s012,10,Yangqin,3,yangqin_r3,data/raw/ChMusic/Musics/10.3.wav,55.0,5.0,3,train
yangqin_r3_s013,10,Yangqin,3,yangqin_r3,data/raw/ChMusic/Musics/10.3.wav,60.0,5.0,3,train
yangqin_r4_s001,10,Yangqin,4,yangqin_r4,data/raw/ChMusic/Musics/10.4.wav,0.0,5.0,4,train
yangqin_r4_s002,10,Yangqin,4,yangqin_r4,data/raw/ChMusic/Musics/10.4.wav,5.0,5.0,4,train
yangqin_r4_s003,10,Yangqin,4,yangqin_r4,data/raw/ChMusic/Musics/10.4.wav,10.0,5.0,4,train
yangqin_r4_s004,10,Yangqin,4,yangqin_r4,data/raw/ChMusic/Musics/10.4.wav,15.0,5.0,4,train
yangqin_r4_s005,10,Yangqin,4,yangqin_r4,data/raw/ChMusic/Musics/10.4.wav,20.0,5.0,4,train
yangqin_r4_s006,10,Yangqin,4,yangqin_r4,data/raw/ChMusic/Musics/10.4.wav,25.0,5.0,4,train
yangqin_r4_s007,10,Yangqin,4,yangqin_r4,data/raw/ChMusic/Musics/10.4.wav,30.0,5.0,4,train
yangqin_r4_s008,10,Yangqin,4,yangqin_r4,data/raw/ChMusic/Musics/10.4.wav,35.0,5.0,4,train
yangqin_r4_s009,10,Yangqin,4,yangqin_r4,data/raw/ChMusic/Musics/10.4.wav,40.0,5.0,4,train
yangqin_r4_s010,10,Yangqin,4,yangqin_r4,data/raw/ChMusic/Musics/10.4.wav,45.0,5.0,4,train
yangqin_r4_s011,10,Yangqin,4,yangqin_r4,data/raw/ChMusic/Musics/10.4.wav,50.0,5.0,4,train
yangqin_r4_s012,10,Yangqin,4,yangqin_r4,data/raw/ChMusic/Musics/10.4.wav,55.0,5.0,4,train
yangqin_r4_s013,10,Yangqin,4,yangqin_r4,data/raw/ChMusic/Musics/10.4.wav,60.0,5.0,4,train
yangqin_r4_s014,10,Yangqin,4,yangqin_r4,data/raw/ChMusic/Musics/10.4.wav,65.0,5.0,4,train
yangqin_r4_s015,10,Yangqin,4,yangqin_r4,data/raw/ChMusic/Musics/10.4.wav,70.0,5.0,4,train
yangqin_r4_s016,10,Yangqin,4,yangqin_r4,data/raw/ChMusic/Musics/10.4.wav,75.0,5.0,4,train
yangqin_r4_s017,10,Yangqin,4,yangqin_r4,data/raw/ChMusic/Musics/10.4.wav,80.0,5.0,4,train
yangqin_r4_s018,10,Yangqin,4,yangqin_r4,data/raw/ChMusic/Musics/10.4.wav,85.0,5.0,4,train
yangqin_r5_s001,10,Yangqin,5,yangqin_r5,data/raw/ChMusic/Musics/10.5.wav,0.0,5.0,5,test
yangqin_r5_s002,10,Yangqin,5,yangqin_r5,data/raw/ChMusic/Musics/10.5.wav,5.0,5.0,5,test
yangqin_r5_s003,10,Yangqin,5,yangqin_r5,data/raw/ChMusic/Musics/10.5.wav,10.0,5.0,5,test
yangqin_r5_s004,10,Yangqin,5,yangqin_r5,data/raw/ChMusic/Musics/10.5.wav,15.0,5.0,5,test
yangqin_r5_s005,10,Yangqin,5,yangqin_r5,data/raw/ChMusic/Musics/10.5.wav,20.0,5.0,5,test
yangqin_r5_s006,10,Yangqin,5,yangqin_r5,data/raw/ChMusic/Musics/10.5.wav,25.0,5.0,5,test
yangqin_r5_s007,10,Yangqin,5,yangqin_r5,data/raw/ChMusic/Musics/10.5.wav,30.0,5.0,5,test
yangqin_r5_s008,10,Yangqin,5,yangqin_r5,data/raw/ChMusic/Musics/10.5.wav,35.0,5.0,5,test
yangqin_r5_s009,10,Yangqin,5,yangqin_r5,data/raw/ChMusic/Musics/10.5.wav,40.0,5.0,5,test
yangqin_r5_s010,10,Yangqin,5,yangqin_r5,data/raw/ChMusic/Musics/10.5.wav,45.0,5.0,5,test
yangqin_r5_s011,10,Yangqin,5,yangqin_r5,data/raw/ChMusic/Musics/10.5.wav,50.0,5.0,5,test
yangqin_r5_s012,10,Yangqin,5,yangqin_r5,data/raw/ChMusic/Musics/10.5.wav,55.0,5.0,5,test
yangqin_r5_s013,10,Yangqin,5,yangqin_r5,data/raw/ChMusic/Musics/10.5.wav,60.0,5.0,5,test
yangqin_r5_s014,10,Yangqin,5,yangqin_r5,data/raw/ChMusic/Musics/10.5.wav,65.0,5.0,5,test
sheng_r1_s001,11,Sheng,1,sheng_r1,data/raw/ChMusic/Musics/11.1.wav,0.0,5.0,1,train
sheng_r1_s002,11,Sheng,1,sheng_r1,data/raw/ChMusic/Musics/11.1.wav,5.0,5.0,1,train
sheng_r1_s003,11,Sheng,1,sheng_r1,data/raw/ChMusic/Musics/11.1.wav,10.0,5.0,1,train
sheng_r1_s004,11,Sheng,1,sheng_r1,data/raw/ChMusic/Musics/11.1.wav,15.0,5.0,1,train
sheng_r1_s005,11,Sheng,1,sheng_r1,data/raw/ChMusic/Musics/11.1.wav,20.0,5.0,1,train
sheng_r1_s006,11,Sheng,1,sheng_r1,data/raw/ChMusic/Musics/11.1.wav,25.0,5.0,1,train
sheng_r1_s007,11,Sheng,1,sheng_r1,data/raw/ChMusic/Musics/11.1.wav,30.0,5.0,1,train
sheng_r1_s008,11,Sheng,1,sheng_r1,data/raw/ChMusic/Musics/11.1.wav,35.0,5.0,1,train
sheng_r1_s009,11,Sheng,1,sheng_r1,data/raw/ChMusic/Musics/11.1.wav,40.0,5.0,1,train
sheng_r1_s010,11,Sheng,1,sheng_r1,data/raw/ChMusic/Musics/11.1.wav,45.0,5.0,1,train
sheng_r1_s011,11,Sheng,1,sheng_r1,data/raw/ChMusic/Musics/11.1.wav,50.0,5.0,1,train
sheng_r1_s012,11,Sheng,1,sheng_r1,data/raw/ChMusic/Musics/11.1.wav,55.0,5.0,1,train
sheng_r1_s013,11,Sheng,1,sheng_r1,data/raw/ChMusic/Musics/11.1.wav,60.0,5.0,1,train
sheng_r1_s014,11,Sheng,1,sheng_r1,data/raw/ChMusic/Musics/11.1.wav,65.0,5.0,1,train
sheng_r1_s015,11,Sheng,1,sheng_r1,data/raw/ChMusic/Musics/11.1.wav,70.0,5.0,1,train
sheng_r1_s016,11,Sheng,1,sheng_r1,data/raw/ChMusic/Musics/11.1.wav,75.0,5.0,1,train
sheng_r1_s017,11,Sheng,1,sheng_r1,data/raw/ChMusic/Musics/11.1.wav,80.0,5.0,1,train
sheng_r1_s018,11,Sheng,1,sheng_r1,data/raw/ChMusic/Musics/11.1.wav,85.0,5.0,1,train
sheng_r1_s019,11,Sheng,1,sheng_r1,data/raw/ChMusic/Musics/11.1.wav,90.0,5.0,1,train
sheng_r1_s020,11,Sheng,1,sheng_r1,data/raw/ChMusic/Musics/11.1.wav,95.0,5.0,1,train
sheng_r1_s021,11,Sheng,1,sheng_r1,data/raw/ChMusic/Musics/11.1.wav,100.0,5.0,1,train
sheng_r1_s022,11,Sheng,1,sheng_r1,data/raw/ChMusic/Musics/11.1.wav,105.0,5.0,1,train
sheng_r1_s023,11,Sheng,1,sheng_r1,data/raw/ChMusic/Musics/11.1.wav,110.0,5.0,1,train
sheng_r1_s024,11,Sheng,1,sheng_r1,data/raw/ChMusic/Musics/11.1.wav,115.0,5.0,1,train
sheng_r1_s025,11,Sheng,1,sheng_r1,data/raw/ChMusic/Musics/11.1.wav,120.0,5.0,1,train
sheng_r1_s026,11,Sheng,1,sheng_r1,data/raw/ChMusic/Musics/11.1.wav,125.0,5.0,1,train
sheng_r1_s027,11,Sheng,1,sheng_r1,data/raw/ChMusic/Musics/11.1.wav,130.0,5.0,1,train
sheng_r1_s028,11,Sheng,1,sheng_r1,data/raw/ChMusic/Musics/11.1.wav,135.0,5.0,1,train
sheng_r1_s029,11,Sheng,1,sheng_r1,data/raw/ChMusic/Musics/11.1.wav,140.0,5.0,1,train
sheng_r1_s030,11,Sheng,1,sheng_r1,data/raw/ChMusic/Musics/11.1.wav,145.0,5.0,1,train
sheng_r1_s031,11,Sheng,1,sheng_r1,data/raw/ChMusic/Musics/11.1.wav,150.0,5.0,1,train
sheng_r1_s032,11,Sheng,1,sheng_r1,data/raw/ChMusic/Musics/11.1.wav,155.0,5.0,1,train
sheng_r1_s033,11,Sheng,1,sheng_r1,data/raw/ChMusic/Musics/11.1.wav,160.0,5.0,1,train
sheng_r1_s034,11,Sheng,1,sheng_r1,data/raw/ChMusic/Musics/11.1.wav,165.0,5.0,1,train
sheng_r1_s035,11,Sheng,1,sheng_r1,data/raw/ChMusic/Musics/11.1.wav,170.0,5.0,1,train
sheng_r1_s036,11,Sheng,1,sheng_r1,data/raw/ChMusic/Musics/11.1.wav,175.0,5.0,1,train
sheng_r1_s037,11,Sheng,1,sheng_r1,data/raw/ChMusic/Musics/11.1.wav,180.0,5.0,1,train
sheng_r1_s038,11,Sheng,1,sheng_r1,data/raw/ChMusic/Musics/11.1.wav,185.0,5.0,1,train
sheng_r1_s039,11,Sheng,1,sheng_r1,data/raw/ChMusic/Musics/11.1.wav,190.0,5.0,1,train
sheng_r1_s040,11,Sheng,1,sheng_r1,data/raw/ChMusic/Musics/11.1.wav,195.0,5.0,1,train
sheng_r1_s041,11,Sheng,1,sheng_r1,data/raw/ChMusic/Musics/11.1.wav,200.0,5.0,1,train
sheng_r1_s042,11,Sheng,1,sheng_r1,data/raw/ChMusic/Musics/11.1.wav,205.0,5.0,1,train
sheng_r1_s043,11,Sheng,1,sheng_r1,data/raw/ChMusic/Musics/11.1.wav,210.0,5.0,1,train
sheng_r1_s044,11,Sheng,1,sheng_r1,data/raw/ChMusic/Musics/11.1.wav,215.0,5.0,1,train
sheng_r1_s045,11,Sheng,1,sheng_r1,data/raw/ChMusic/Musics/11.1.wav,220.0,5.0,1,train
sheng_r1_s046,11,Sheng,1,sheng_r1,data/raw/ChMusic/Musics/11.1.wav,225.0,5.0,1,train
sheng_r1_s047,11,Sheng,1,sheng_r1,data/raw/ChMusic/Musics/11.1.wav,230.0,5.0,1,train
sheng_r1_s048,11,Sheng,1,sheng_r1,data/raw/ChMusic/Musics/11.1.wav,235.0,5.0,1,train
sheng_r1_s049,11,Sheng,1,sheng_r1,data/raw/ChMusic/Musics/11.1.wav,240.0,5.0,1,train
sheng_r1_s050,11,Sheng,1,sheng_r1,data/raw/ChMusic/Musics/11.1.wav,245.0,5.0,1,train
sheng_r1_s051,11,Sheng,1,sheng_r1,data/raw/ChMusic/Musics/11.1.wav,250.0,5.0,1,train
sheng_r2_s001,11,Sheng,2,sheng_r2,data/raw/ChMusic/Musics/11.2.wav,0.0,5.0,2,train
sheng_r2_s002,11,Sheng,2,sheng_r2,data/raw/ChMusic/Musics/11.2.wav,5.0,5.0,2,train
sheng_r2_s003,11,Sheng,2,sheng_r2,data/raw/ChMusic/Musics/11.2.wav,10.0,5.0,2,train
sheng_r2_s004,11,Sheng,2,sheng_r2,data/raw/ChMusic/Musics/11.2.wav,15.0,5.0,2,train
sheng_r2_s005,11,Sheng,2,sheng_r2,data/raw/ChMusic/Musics/11.2.wav,20.0,5.0,2,train
sheng_r2_s006,11,Sheng,2,sheng_r2,data/raw/ChMusic/Musics/11.2.wav,25.0,5.0,2,train
sheng_r2_s007,11,Sheng,2,sheng_r2,data/raw/ChMusic/Musics/11.2.wav,30.0,5.0,2,train
sheng_r2_s008,11,Sheng,2,sheng_r2,data/raw/ChMusic/Musics/11.2.wav,35.0,5.0,2,train
sheng_r2_s009,11,Sheng,2,sheng_r2,data/raw/ChMusic/Musics/11.2.wav,40.0,5.0,2,train
sheng_r2_s010,11,Sheng,2,sheng_r2,data/raw/ChMusic/Musics/11.2.wav,45.0,5.0,2,train
sheng_r2_s011,11,Sheng,2,sheng_r2,data/raw/ChMusic/Musics/11.2.wav,50.0,5.0,2,train
sheng_r2_s012,11,Sheng,2,sheng_r2,data/raw/ChMusic/Musics/11.2.wav,55.0,5.0,2,train
sheng_r2_s013,11,Sheng,2,sheng_r2,data/raw/ChMusic/Musics/11.2.wav,60.0,5.0,2,train
sheng_r2_s014,11,Sheng,2,sheng_r2,data/raw/ChMusic/Musics/11.2.wav,65.0,5.0,2,train
sheng_r2_s015,11,Sheng,2,sheng_r2,data/raw/ChMusic/Musics/11.2.wav,70.0,5.0,2,train
sheng_r2_s016,11,Sheng,2,sheng_r2,data/raw/ChMusic/Musics/11.2.wav,75.0,5.0,2,train
sheng_r2_s017,11,Sheng,2,sheng_r2,data/raw/ChMusic/Musics/11.2.wav,80.0,5.0,2,train
sheng_r2_s018,11,Sheng,2,sheng_r2,data/raw/ChMusic/Musics/11.2.wav,85.0,5.0,2,train
sheng_r2_s019,11,Sheng,2,sheng_r2,data/raw/ChMusic/Musics/11.2.wav,90.0,5.0,2,train
sheng_r2_s020,11,Sheng,2,sheng_r2,data/raw/ChMusic/Musics/11.2.wav,95.0,5.0,2,train
sheng_r3_s001,11,Sheng,3,sheng_r3,data/raw/ChMusic/Musics/11.3.wav,0.0,5.0,3,train
sheng_r3_s002,11,Sheng,3,sheng_r3,data/raw/ChMusic/Musics/11.3.wav,5.0,5.0,3,train
sheng_r3_s003,11,Sheng,3,sheng_r3,data/raw/ChMusic/Musics/11.3.wav,10.0,5.0,3,train
sheng_r3_s004,11,Sheng,3,sheng_r3,data/raw/ChMusic/Musics/11.3.wav,15.0,5.0,3,train
sheng_r3_s005,11,Sheng,3,sheng_r3,data/raw/ChMusic/Musics/11.3.wav,20.0,5.0,3,train
sheng_r3_s006,11,Sheng,3,sheng_r3,data/raw/ChMusic/Musics/11.3.wav,25.0,5.0,3,train
sheng_r3_s007,11,Sheng,3,sheng_r3,data/raw/ChMusic/Musics/11.3.wav,30.0,5.0,3,train
sheng_r3_s008,11,Sheng,3,sheng_r3,data/raw/ChMusic/Musics/11.3.wav,35.0,5.0,3,train
sheng_r3_s009,11,Sheng,3,sheng_r3,data/raw/ChMusic/Musics/11.3.wav,40.0,5.0,3,train
sheng_r3_s010,11,Sheng,3,sheng_r3,data/raw/ChMusic/Musics/11.3.wav,45.0,5.0,3,train
sheng_r3_s011,11,Sheng,3,sheng_r3,data/raw/ChMusic/Musics/11.3.wav,50.0,5.0,3,train
sheng_r3_s012,11,Sheng,3,sheng_r3,data/raw/ChMusic/Musics/11.3.wav,55.0,5.0,3,train
sheng_r3_s013,11,Sheng,3,sheng_r3,data/raw/ChMusic/Musics/11.3.wav,60.0,5.0,3,train
sheng_r3_s014,11,Sheng,3,sheng_r3,data/raw/ChMusic/Musics/11.3.wav,65.0,5.0,3,train
sheng_r3_s015,11,Sheng,3,sheng_r3,data/raw/ChMusic/Musics/11.3.wav,70.0,5.0,3,train
sheng_r3_s016,11,Sheng,3,sheng_r3,data/raw/ChMusic/Musics/11.3.wav,75.0,5.0,3,train
sheng_r3_s017,11,Sheng,3,sheng_r3,data/raw/ChMusic/Musics/11.3.wav,80.0,5.0,3,train
sheng_r3_s018,11,Sheng,3,sheng_r3,data/raw/ChMusic/Musics/11.3.wav,85.0,5.0,3,train
sheng_r3_s019,11,Sheng,3,sheng_r3,data/raw/ChMusic/Musics/11.3.wav,90.0,5.0,3,train
sheng_r3_s020,11,Sheng,3,sheng_r3,data/raw/ChMusic/Musics/11.3.wav,95.0,5.0,3,train
sheng_r3_s021,11,Sheng,3,sheng_r3,data/raw/ChMusic/Musics/11.3.wav,100.0,5.0,3,train
sheng_r3_s022,11,Sheng,3,sheng_r3,data/raw/ChMusic/Musics/11.3.wav,105.0,5.0,3,train
sheng_r3_s023,11,Sheng,3,sheng_r3,data/raw/ChMusic/Musics/11.3.wav,110.0,5.0,3,train
sheng_r3_s024,11,Sheng,3,sheng_r3,data/raw/ChMusic/Musics/11.3.wav,115.0,5.0,3,train
sheng_r3_s025,11,Sheng,3,sheng_r3,data/raw/ChMusic/Musics/11.3.wav,120.0,5.0,3,train
sheng_r3_s026,11,Sheng,3,sheng_r3,data/raw/ChMusic/Musics/11.3.wav,125.0,5.0,3,train
sheng_r3_s027,11,Sheng,3,sheng_r3,data/raw/ChMusic/Musics/11.3.wav,130.0,5.0,3,train
sheng_r3_s028,11,Sheng,3,sheng_r3,data/raw/ChMusic/Musics/11.3.wav,135.0,5.0,3,train
sheng_r3_s029,11,Sheng,3,sheng_r3,data/raw/ChMusic/Musics/11.3.wav,140.0,5.0,3,train
sheng_r3_s030,11,Sheng,3,sheng_r3,data/raw/ChMusic/Musics/11.3.wav,145.0,5.0,3,train
sheng_r3_s031,11,Sheng,3,sheng_r3,data/raw/ChMusic/Musics/11.3.wav,150.0,5.0,3,train
sheng_r3_s032,11,Sheng,3,sheng_r3,data/raw/ChMusic/Musics/11.3.wav,155.0,5.0,3,train
sheng_r3_s033,11,Sheng,3,sheng_r3,data/raw/ChMusic/Musics/11.3.wav,160.0,5.0,3,train
sheng_r3_s034,11,Sheng,3,sheng_r3,data/raw/ChMusic/Musics/11.3.wav,165.0,5.0,3,train
sheng_r3_s035,11,Sheng,3,sheng_r3,data/raw/ChMusic/Musics/11.3.wav,170.0,5.0,3,train
sheng_r3_s036,11,Sheng,3,sheng_r3,data/raw/ChMusic/Musics/11.3.wav,175.0,5.0,3,train
sheng_r3_s037,11,Sheng,3,sheng_r3,data/raw/ChMusic/Musics/11.3.wav,180.0,5.0,3,train
sheng_r3_s038,11,Sheng,3,sheng_r3,data/raw/ChMusic/Musics/11.3.wav,185.0,5.0,3,train
sheng_r3_s039,11,Sheng,3,sheng_r3,data/raw/ChMusic/Musics/11.3.wav,190.0,5.0,3,train
sheng_r3_s040,11,Sheng,3,sheng_r3,data/raw/ChMusic/Musics/11.3.wav,195.0,5.0,3,train
sheng_r3_s041,11,Sheng,3,sheng_r3,data/raw/ChMusic/Musics/11.3.wav,200.0,5.0,3,train
sheng_r3_s042,11,Sheng,3,sheng_r3,data/raw/ChMusic/Musics/11.3.wav,205.0,5.0,3,train
sheng_r3_s043,11,Sheng,3,sheng_r3,data/raw/ChMusic/Musics/11.3.wav,210.0,5.0,3,train
sheng_r3_s044,11,Sheng,3,sheng_r3,data/raw/ChMusic/Musics/11.3.wav,215.0,5.0,3,train
sheng_r3_s045,11,Sheng,3,sheng_r3,data/raw/ChMusic/Musics/11.3.wav,220.0,5.0,3,train
sheng_r3_s046,11,Sheng,3,sheng_r3,data/raw/ChMusic/Musics/11.3.wav,225.0,5.0,3,train
sheng_r3_s047,11,Sheng,3,sheng_r3,data/raw/ChMusic/Musics/11.3.wav,230.0,5.0,3,train
sheng_r3_s048,11,Sheng,3,sheng_r3,data/raw/ChMusic/Musics/11.3.wav,235.0,5.0,3,train
sheng_r3_s049,11,Sheng,3,sheng_r3,data/raw/ChMusic/Musics/11.3.wav,240.0,5.0,3,train
sheng_r3_s050,11,Sheng,3,sheng_r3,data/raw/ChMusic/Musics/11.3.wav,245.0,5.0,3,train
sheng_r3_s051,11,Sheng,3,sheng_r3,data/raw/ChMusic/Musics/11.3.wav,250.0,5.0,3,train
sheng_r3_s052,11,Sheng,3,sheng_r3,data/raw/ChMusic/Musics/11.3.wav,255.0,5.0,3,train
sheng_r3_s053,11,Sheng,3,sheng_r3,data/raw/ChMusic/Musics/11.3.wav,260.0,5.0,3,train
sheng_r3_s054,11,Sheng,3,sheng_r3,data/raw/ChMusic/Musics/11.3.wav,265.0,5.0,3,train
sheng_r3_s055,11,Sheng,3,sheng_r3,data/raw/ChMusic/Musics/11.3.wav,270.0,5.0,3,train
sheng_r3_s056,11,Sheng,3,sheng_r3,data/raw/ChMusic/Musics/11.3.wav,275.0,5.0,3,train
sheng_r4_s001,11,Sheng,4,sheng_r4,data/raw/ChMusic/Musics/11.4.wav,0.0,5.0,4,train
sheng_r4_s002,11,Sheng,4,sheng_r4,data/raw/ChMusic/Musics/11.4.wav,5.0,5.0,4,train
sheng_r4_s003,11,Sheng,4,sheng_r4,data/raw/ChMusic/Musics/11.4.wav,10.0,5.0,4,train
sheng_r4_s004,11,Sheng,4,sheng_r4,data/raw/ChMusic/Musics/11.4.wav,15.0,5.0,4,train
sheng_r4_s005,11,Sheng,4,sheng_r4,data/raw/ChMusic/Musics/11.4.wav,20.0,5.0,4,train
sheng_r4_s006,11,Sheng,4,sheng_r4,data/raw/ChMusic/Musics/11.4.wav,25.0,5.0,4,train
sheng_r4_s007,11,Sheng,4,sheng_r4,data/raw/ChMusic/Musics/11.4.wav,30.0,5.0,4,train
sheng_r4_s008,11,Sheng,4,sheng_r4,data/raw/ChMusic/Musics/11.4.wav,35.0,5.0,4,train
sheng_r4_s009,11,Sheng,4,sheng_r4,data/raw/ChMusic/Musics/11.4.wav,40.0,5.0,4,train
sheng_r4_s010,11,Sheng,4,sheng_r4,data/raw/ChMusic/Musics/11.4.wav,45.0,5.0,4,train
sheng_r4_s011,11,Sheng,4,sheng_r4,data/raw/ChMusic/Musics/11.4.wav,50.0,5.0,4,train
sheng_r4_s012,11,Sheng,4,sheng_r4,data/raw/ChMusic/Musics/11.4.wav,55.0,5.0,4,train
sheng_r4_s013,11,Sheng,4,sheng_r4,data/raw/ChMusic/Musics/11.4.wav,60.0,5.0,4,train
sheng_r4_s014,11,Sheng,4,sheng_r4,data/raw/ChMusic/Musics/11.4.wav,65.0,5.0,4,train
sheng_r4_s015,11,Sheng,4,sheng_r4,data/raw/ChMusic/Musics/11.4.wav,70.0,5.0,4,train
sheng_r4_s016,11,Sheng,4,sheng_r4,data/raw/ChMusic/Musics/11.4.wav,75.0,5.0,4,train
sheng_r4_s017,11,Sheng,4,sheng_r4,data/raw/ChMusic/Musics/11.4.wav,80.0,5.0,4,train
sheng_r4_s018,11,Sheng,4,sheng_r4,data/raw/ChMusic/Musics/11.4.wav,85.0,5.0,4,train
sheng_r4_s019,11,Sheng,4,sheng_r4,data/raw/ChMusic/Musics/11.4.wav,90.0,5.0,4,train
sheng_r4_s020,11,Sheng,4,sheng_r4,data/raw/ChMusic/Musics/11.4.wav,95.0,5.0,4,train
sheng_r4_s021,11,Sheng,4,sheng_r4,data/raw/ChMusic/Musics/11.4.wav,100.0,5.0,4,train
sheng_r4_s022,11,Sheng,4,sheng_r4,data/raw/ChMusic/Musics/11.4.wav,105.0,5.0,4,train
sheng_r4_s023,11,Sheng,4,sheng_r4,data/raw/ChMusic/Musics/11.4.wav,110.0,5.0,4,train
sheng_r4_s024,11,Sheng,4,sheng_r4,data/raw/ChMusic/Musics/11.4.wav,115.0,5.0,4,train
sheng_r4_s025,11,Sheng,4,sheng_r4,data/raw/ChMusic/Musics/11.4.wav,120.0,5.0,4,train
sheng_r4_s026,11,Sheng,4,sheng_r4,data/raw/ChMusic/Musics/11.4.wav,125.0,5.0,4,train
sheng_r5_s001,11,Sheng,5,sheng_r5,data/raw/ChMusic/Musics/11.5.wav,0.0,5.0,5,test
sheng_r5_s002,11,Sheng,5,sheng_r5,data/raw/ChMusic/Musics/11.5.wav,5.0,5.0,5,test
sheng_r5_s003,11,Sheng,5,sheng_r5,data/raw/ChMusic/Musics/11.5.wav,10.0,5.0,5,test
sheng_r5_s004,11,Sheng,5,sheng_r5,data/raw/ChMusic/Musics/11.5.wav,15.0,5.0,5,test
sheng_r5_s005,11,Sheng,5,sheng_r5,data/raw/ChMusic/Musics/11.5.wav,20.0,5.0,5,test
sheng_r5_s006,11,Sheng,5,sheng_r5,data/raw/ChMusic/Musics/11.5.wav,25.0,5.0,5,test
sheng_r5_s007,11,Sheng,5,sheng_r5,data/raw/ChMusic/Musics/11.5.wav,30.0,5.0,5,test
sheng_r5_s008,11,Sheng,5,sheng_r5,data/raw/ChMusic/Musics/11.5.wav,35.0,5.0,5,test
sheng_r5_s009,11,Sheng,5,sheng_r5,data/raw/ChMusic/Musics/11.5.wav,40.0,5.0,5,test
sheng_r5_s010,11,Sheng,5,sheng_r5,data/raw/ChMusic/Musics/11.5.wav,45.0,5.0,5,test
sheng_r5_s011,11,Sheng,5,sheng_r5,data/raw/ChMusic/Musics/11.5.wav,50.0,5.0,5,test
sheng_r5_s012,11,Sheng,5,sheng_r5,data/raw/ChMusic/Musics/11.5.wav,55.0,5.0,5,test
sheng_r5_s013,11,Sheng,5,sheng_r5,data/raw/ChMusic/Musics/11.5.wav,60.0,5.0,5,test
sheng_r5_s014,11,Sheng,5,sheng_r5,data/raw/ChMusic/Musics/11.5.wav,65.0,5.0,5,test
sheng_r5_s015,11,Sheng,5,sheng_r5,data/raw/ChMusic/Musics/11.5.wav,70.0,5.0,5,test
sheng_r5_s016,11,Sheng,5,sheng_r5,data/raw/ChMusic/Musics/11.5.wav,75.0,5.0,5,test
sheng_r5_s017,11,Sheng,5,sheng_r5,data/raw/ChMusic/Musics/11.5.wav,80.0,5.0,5,test
sheng_r5_s018,11,Sheng,5,sheng_r5,data/raw/ChMusic/Musics/11.5.wav,85.0,5.0,5,test
sheng_r5_s019,11,Sheng,5,sheng_r5,data/raw/ChMusic/Musics/11.5.wav,90.0,5.0,5,test
sheng_r5_s020,11,Sheng,5,sheng_r5,data/raw/ChMusic/Musics/11.5.wav,95.0,5.0,5,test
sheng_r5_s021,11,Sheng,5,sheng_r5,data/raw/ChMusic/Musics/11.5.wav,100.0,5.0,5,test
sheng_r5_s022,11,Sheng,5,sheng_r5,data/raw/ChMusic/Musics/11.5.wav,105.0,5.0,5,test
sheng_r5_s023,11,Sheng,5,sheng_r5,data/raw/ChMusic/Musics/11.5.wav,110.0,5.0,5,test
sheng_r5_s024,11,Sheng,5,sheng_r5,data/raw/ChMusic/Musics/11.5.wav,115.0,5.0,5,test
sheng_r5_s025,11,Sheng,5,sheng_r5,data/raw/ChMusic/Musics/11.5.wav,120.0,5.0,5,test
sheng_r5_s026,11,Sheng,5,sheng_r5,data/raw/ChMusic/Musics/11.5.wav,125.0,5.0,5,test
