recording_id,instrument_id,instrument,recording_number,source_path,sample_rate,channels,frames,duration_seconds,segment_count,status
erhu_r1,1,Erhu,1,data/raw/ChMusic/Musics/1.1.wav,44100,2,5886107,133.4718140589569,26,ok
erhu_r2,1,Erhu,2,data/raw/ChMusic/Musics/1.2.wav,44100,2,4008987,90.90673469387755,18,ok
erhu_r3,1,Erhu,3,data/raw/ChMusic/Musics/1.3.wav,44100,2,5114267,115.96977324263038,23,ok
erhu_r4,1,Erhu,4,data/raw/ChMusic/Musics/1.4.wav,44100,2,4458267,101.09448979591836,20,ok
erhu_r5,1,Erhu,5,data/raw/ChMusic/Musics/1.5.wav,44100,2,5745307,130.2790702947846,26,ok
pipa_r1,2,Pipa,1,data/raw/ChMusic/Musics/2.1.wav,44100,2,4092827,92.80786848072562,18,ok
pipa_r2,2,Pipa,2,data/raw/ChMusic/Musics/2.2.wav,44100,2,2481307,56.26546485260771,11,ok
pipa_r3,2,Pipa,3,data/raw/ChMusic/Musics/2.3.wav,44100,2,4350107,98.6418820861678,19,ok
pipa_r4,2,Pipa,4,data/raw/ChMusic/Musics/2.4.wav,44100,2,5404187,122.54392290249433,24,ok
pipa_r5,2,Pipa,5,data/raw/ChMusic/Musics/2.5.wav,44100,2,2904347,65.85820861678005,13,ok
sanxian_r1,3,Sanxian,1,data/raw/ChMusic/Musics/3.1.wav,44100,2,1463707,33.19063492063492,6,ok
sanxian_r2,3,Sanxian,2,data/raw/ChMusic/Musics/3.2.wav,44100,2,2259227,51.22963718820861,10,ok
sanxian_r3,3,Sanxian,3,data/raw/ChMusic/Musics/3.3.wav,44100,2,1980827,44.916712018140586,8,ok
sanxian_r4,3,Sanxian,4,data/raw/ChMusic/Musics/3.4.wav,44100,2,1840027,41.72396825396825,8,ok
sanxian_r5,3,Sanxian,5,data/raw/ChMusic/Musics/3.5.wav,44100,2,3624987,82.19925170068028,16,ok
dizi_r1,4,Dizi,1,data/raw/ChMusic/Musics/4.1.wav,44100,2,5066907,114.89585034013605,22,ok
dizi_r2,4,Dizi,2,data/raw/ChMusic/Musics/4.2.wav,44100,2,4584987,103.96795918367347,20,ok
dizi_r3,4,Dizi,3,data/raw/ChMusic/Musics/4.3.wav,44100,2,3921307,88.91852607709751,17,ok
dizi_r4,4,Dizi,4,data/raw/ChMusic/Musics/4.4.wav,44100,2,3779227,85.69675736961452,17,ok
dizi_r5,4,Dizi,5,data/raw/ChMusic/Musics/4.5.wav,44100,2,4170267,94.56387755102041,18,ok
suona_r1,5,Suona,1,data/raw/ChMusic/Musics/5.1.wav,44100,2,1584667,35.93349206349206,7,ok
suona_r2,5,Suona,2,data/raw/ChMusic/Musics/5.2.wav,44100,2,1141147,25.876349206349207,5,ok
suona_r3,5,Suona,3,data/raw/ChMusic/Musics/5.3.wav,44100,2,2582427,58.55843537414966,11,ok
suona_r4,5,Suona,4,data/raw/ChMusic/Musics/5.4.wav,44100,2,3024667,68.58655328798186,13,ok
suona_r5,5,Suona,5,data/raw/ChMusic/Musics/5.5.wav,44100,2,2084507,47.26773242630385,9,ok
zhuiqin_r1,6,Zhuiqin,1,data/raw/ChMusic/Musics/6.1.wav,44100,2,4019867,91.15344671201814,18,ok
zhuiqin_r2,6,Zhuiqin,2,data/raw/ChMusic/Musics/6.2.wav,44100,2,3777947,85.66773242630386,17,ok
zhuiqin_r3,6,Zhuiqin,3,data/raw/ChMusic/Musics/6.3.wav,44100,2,4554523,103.27716553287982,20,ok
zhuiqin_r4,6,Zhuiqin,4,data/raw/ChMusic/Musics/6.4.wav,44100,2,4405403,99.8957596371882,19,ok
zhuiqin_r5,6,Zhuiqin,5,data/raw/ChMusic/Musics/6.5.wav,44100,2,1599387,36.267278911564624,7,ok
zhongruan_r1,7,Zhongruan,1,data/raw/ChMusic/Musics/7.1.wav,44100,2,4072987,92.35798185941043,18,ok
zhongruan_r2,7,Zhongruan,2,data/raw/ChMusic/Musics/7.2.wav,44100,2,3151387,71.46002267573697,14,ok
zhongruan_r3,7,Zhongruan,3,data/raw/ChMusic/Musics/7.3.wav,44100,2,5603227,127.05730158730158,25,ok
zhongruan_r4,7,Zhongruan,4,data/raw/ChMusic/Musics/7.4.wav,44100,2,3775387,85.60968253968254,17,ok
zhongruan_r5,7,Zhongruan,5,data/raw/ChMusic/Musics/7.5.wav,44100,2,4540827,102.96659863945578,20,ok
liuqin_r1,8,Liuqin,1,data/raw/ChMusic/Musics/8.1.wav,44100,2,2787867,63.2169387755102,12,ok
liuqin_r2,8,Liuqin,2,data/raw/ChMusic/Musics/8.2.wav,44100,2,4987547,113.09630385487529,22,ok
liuqin_r3,8,Liuqin,3,data/raw/ChMusic/Musics/8.3.wav,44100,2,4658587,105.63689342403629,21,ok
liuqin_r4,8,Liuqin,4,data/raw/ChMusic/Musics/8.4.wav,44100,2,1635227,37.07997732426304,7,ok
liuqin_r5,8,Liuqin,5,data/raw/ChMusic/Musics/8.5.wav,44100,2,1754267,39.77929705215419,7,ok
guzheng_r1,9,Guzheng,1,data/raw/ChMusic/Musics/9.1.wav,44100,2,7115921,161.3587528344671,32,ok
guzheng_r2,9,Guzheng,2,data/raw/ChMusic/Musics/9.2.wav,44100,2,3425947,77.68587301587301,15,ok
guzheng_r3,9,Guzheng,3,data/raw/ChMusic/Musics/9.3.wav,44100,2,6355227,144.10945578231292,28,ok
guzheng_r4,9,Guzheng,4,data/raw/ChMusic/Musics/9.4.wav,44100,2,4833947,109.61331065759637,21,ok
guzheng_r5,9,Guzheng,5,data/raw/ChMusic/Musics/9.5.wav,44100,2,3448987,78.20832199546486,15,ok
yangqin_r1,10,Yangqin,1,data/raw/ChMusic/Musics/10.1.wav,44100,2,3108507,70.48768707482994,14,ok
yangqin_r2,10,Yangqin,2,data/raw/ChMusic/Musics/10.2.wav,44100,2,2303387,52.2309977324263,10,ok
yangqin_r3,10,Yangqin,3,data/raw/ChMusic/Musics/10.3.wav,44100,2,2867227,65.01648526077098,13,ok
yangqin_r4,10,Yangqin,4,data/raw/ChMusic/Musics/10.4.wav,44100,2,4147867,94.0559410430839,18,ok
yangqin_r5,10,Yangqin,5,data/raw/ChMusic/Musics/10.5.wav,44100,2,3230107,73.2450566893424,14,ok
sheng_r1,11,Sheng,1,data/raw/ChMusic/Musics/11.1.wav,44100,2,11376027,257.9597959183673,51,ok
sheng_r2,11,Sheng,2,data/raw/ChMusic/Musics/11.2.wav,44100,2,4455707,101.03643990929706,20,ok
sheng_r3,11,Sheng,3,data/raw/ChMusic/Musics/11.3.wav,44100,2,12371867,280.541201814059,56,ok
sheng_r4,11,Sheng,4,data/raw/ChMusic/Musics/11.4.wav,44100,2,5777947,131.01920634920634,26,ok
sheng_r5,11,Sheng,5,data/raw/ChMusic/Musics/11.5.wav,44100,2,5821467,132.0060544217687,26,ok
