segment_id,recording_id,instrument_id,instrument,prediction,representation,fold
erhu_r1_s001,erhu_r1,1,Erhu,1,Classical,1
erhu_r1_s002,erhu_r1,1,Erhu,1,Classical,1
erhu_r1_s003,erhu_r1,1,Erhu,1,Classical,1
erhu_r1_s004,erhu_r1,1,Erhu,1,Classical,1
erhu_r1_s005,erhu_r1,1,Erhu,1,Classical,1
erhu_r1_s006,erhu_r1,1,Erhu,1,Classical,1
erhu_r1_s007,erhu_r1,1,Erhu,1,Classical,1
erhu_r1_s008,erhu_r1,1,Erhu,1,Classical,1
erhu_r1_s009,erhu_r1,1,Erhu,1,Classical,1
erhu_r1_s010,erhu_r1,1,Erhu,1,Classical,1
erhu_r1_s011,erhu_r1,1,Erhu,1,Classical,1
erhu_r1_s012,erhu_r1,1,Erhu,1,Classical,1
erhu_r1_s013,erhu_r1,1,Erhu,1,Classical,1
erhu_r1_s014,erhu_r1,1,Erhu,1,Classical,1
erhu_r1_s015,erhu_r1,1,Erhu,1,Classical,1
erhu_r1_s016,erhu_r1,1,Erhu,1,Classical,1
erhu_r1_s017,erhu_r1,1,Erhu,1,Classical,1
erhu_r1_s018,erhu_r1,1,Erhu,1,Classical,1
erhu_r1_s019,erhu_r1,1,Erhu,1,Classical,1
erhu_r1_s020,erhu_r1,1,Erhu,1,Classical,1
erhu_r1_s021,erhu_r1,1,Erhu,1,Classical,1
erhu_r1_s022,erhu_r1,1,Erhu,1,Classical,1
erhu_r1_s023,erhu_r1,1,Erhu,1,Classical,1
erhu_r1_s024,erhu_r1,1,Erhu,1,Classical,1
erhu_r1_s025,erhu_r1,1,Erhu,1,Classical,1
erhu_r1_s026,erhu_r1,1,Erhu,1,Classical,1
pipa_r1_s001,pipa_r1,2,Pipa,2,Classical,1
pipa_r1_s002,pipa_r1,2,Pipa,2,Classical,1
pipa_r1_s003,pipa_r1,2,Pipa,2,Classical,1
pipa_r1_s004,pipa_r1,2,Pipa,2,Classical,1
pipa_r1_s005,pipa_r1,2,Pipa,2,Classical,1
pipa_r1_s006,pipa_r1,2,Pipa,2,Classical,1
pipa_r1_s007,pipa_r1,2,Pipa,2,Classical,1
pipa_r1_s008,pipa_r1,2,Pipa,2,Classical,1
pipa_r1_s009,pipa_r1,2,Pipa,2,Classical,1
pipa_r1_s010,pipa_r1,2,Pipa,2,Classical,1
pipa_r1_s011,pipa_r1,2,Pipa,2,Classical,1
pipa_r1_s012,pipa_r1,2,Pipa,2,Classical,1
pipa_r1_s013,pipa_r1,2,Pipa,2,Classical,1
pipa_r1_s014,pipa_r1,2,Pipa,2,Classical,1
pipa_r1_s015,pipa_r1,2,Pipa,2,Classical,1
pipa_r1_s016,pipa_r1,2,Pipa,2,Classical,1
pipa_r1_s017,pipa_r1,2,Pipa,2,Classical,1
pipa_r1_s018,pipa_r1,2,Pipa,2,Classical,1
sanxian_r1_s001,sanxian_r1,3,Sanxian,3,Classical,1
sanxian_r1_s002,sanxian_r1,3,Sanxian,3,Classical,1
sanxian_r1_s003,sanxian_r1,3,Sanxian,3,Classical,1
sanxian_r1_s004,sanxian_r1,3,Sanxian,3,Classical,1
sanxian_r1_s005,sanxian_r1,3,Sanxian,3,Classical,1
sanxian_r1_s006,sanxian_r1,3,Sanxian,3,Classical,1
dizi_r1_s001,dizi_r1,4,Dizi,4,Classical,1
dizi_r1_s002,dizi_r1,4,Dizi,4,Classical,1
dizi_r1_s003,dizi_r1,4,Dizi,4,Classical,1
dizi_r1_s004,dizi_r1,4,Dizi,4,Classical,1
dizi_r1_s005,dizi_r1,4,Dizi,4,Classical,1
dizi_r1_s006,dizi_r1,4,Dizi,4,Classical,1
dizi_r1_s007,dizi_r1,4,Dizi,4,Classical,1
dizi_r1_s008,dizi_r1,4,Dizi,4,Classical,1
dizi_r1_s009,dizi_r1,4,Dizi,4,Classical,1
dizi_r1_s010,dizi_r1,4,Dizi,4,Classical,1
dizi_r1_s011,dizi_r1,4,Dizi,4,Classical,1
dizi_r1_s012,dizi_r1,4,Dizi,4,Classical,1
dizi_r1_s013,dizi_r1,4,Dizi,4,Classical,1
dizi_r1_s014,dizi_r1,4,Dizi,4,Classical,1
dizi_r1_s015,dizi_r1,4,Dizi,4,Classical,1
dizi_r1_s016,dizi_r1,4,Dizi,4,Classical,1
dizi_r1_s017,dizi_r1,4,Dizi,4,Classical,1
dizi_r1_s018,dizi_r1,4,Dizi,4,Classical,1
dizi_r1_s019,dizi_r1,4,Dizi,4,Classical,1
dizi_r1_s020,dizi_r1,4,Dizi,4,Classical,1
dizi_r1_s021,dizi_r1,4,Dizi,4,Classical,1
dizi_r1_s022,dizi_r1,4,Dizi,4,Classical,1
suona_r1_s001,suona_r1,5,Suona,11,Classical,1
suona_r1_s002,suona_r1,5,Suona,5,Classical,1
suona_r1_s003,suona_r1,5,Suona,5,Classical,1
suona_r1_s004,suona_r1,5,Suona,5,Classical,1
suona_r1_s005,suona_r1,5,Suona,5,Classical,1
suona_r1_s006,suona_r1,5,Suona,5,Classical,1
suona_r1_s007,suona_r1,5,Suona,11,Classical,1
zhuiqin_r1_s001,zhuiqin_r1,6,Zhuiqin,11,Classical,1
zhuiqin_r1_s002,zhuiqin_r1,6,Zhuiqin,6,Classical,1
zhuiqin_r1_s003,zhuiqin_r1,6,Zhuiqin,6,Classical,1
zhuiqin_r1_s004,zhuiqin_r1,6,Zhuiqin,6,Classical,1
zhuiqin_r1_s005,zhuiqin_r1,6,Zhuiqin,6,Classical,1
zhuiqin_r1_s006,zhuiqin_r1,6,Zhuiqin,6,Classical,1
zhuiqin_r1_s007,zhuiqin_r1,6,Zhuiqin,6,Classical,1
zhuiqin_r1_s008,zhuiqin_r1,6,Zhuiqin,6,Classical,1
zhuiqin_r1_s009,zhuiqin_r1,6,Zhuiqin,6,Classical,1
zhuiqin_r1_s010,zhuiqin_r1,6,Zhuiqin,6,Classical,1
zhuiqin_r1_s011,zhuiqin_r1,6,Zhuiqin,6,Classical,1
zhuiqin_r1_s012,zhuiqin_r1,6,Zhuiqin,6,Classical,1
zhuiqin_r1_s013,zhuiqin_r1,6,Zhuiqin,6,Classical,1
zhuiqin_r1_s014,zhuiqin_r1,6,Zhuiqin,6,Classical,1
zhuiqin_r1_s015,zhuiqin_r1,6,Zhuiqin,6,Classical,1
zhuiqin_r1_s016,zhuiqin_r1,6,Zhuiqin,6,Classical,1
zhuiqin_r1_s017,zhuiqin_r1,6,Zhuiqin,6,Classical,1
zhuiqin_r1_s018,zhuiqin_r1,6,Zhuiqin,6,Classical,1
zhongruan_r1_s001,zhongruan_r1,7,Zhongruan,7,Classical,1
zhongruan_r1_s002,zhongruan_r1,7,Zhongruan,7,Classical,1
zhongruan_r1_s003,zhongruan_r1,7,Zhongruan,7,Classical,1
zhongruan_r1_s004,zhongruan_r1,7,Zhongruan,7,Classical,1
zhongruan_r1_s005,zhongruan_r1,7,Zhongruan,7,Classical,1
zhongruan_r1_s006,zhongruan_r1,7,Zhongruan,7,Classical,1
zhongruan_r1_s007,zhongruan_r1,7,Zhongruan,7,Classical,1
zhongruan_r1_s008,zhongruan_r1,7,Zhongruan,7,Classical,1
zhongruan_r1_s009,zhongruan_r1,7,Zhongruan,7,Classical,1
zhongruan_r1_s010,zhongruan_r1,7,Zhongruan,7,Classical,1
zhongruan_r1_s011,zhongruan_r1,7,Zhongruan,7,Classical,1
zhongruan_r1_s012,zhongruan_r1,7,Zhongruan,7,Classical,1
zhongruan_r1_s013,zhongruan_r1,7,Zhongruan,7,Classical,1
zhongruan_r1_s014,zhongruan_r1,7,Zhongruan,7,Classical,1
zhongruan_r1_s015,zhongruan_r1,7,Zhongruan,7,Classical,1
zhongruan_r1_s016,zhongruan_r1,7,Zhongruan,7,Classical,1
zhongruan_r1_s017,zhongruan_r1,7,Zhongruan,7,Classical,1
zhongruan_r1_s018,zhongruan_r1,7,Zhongruan,7,Classical,1
liuqin_r1_s001,liuqin_r1,8,Liuqin,8,Classical,1
liuqin_r1_s002,liuqin_r1,8,Liuqin,8,Classical,1
liuqin_r1_s003,liuqin_r1,8,Liuqin,8,Classical,1
liuqin_r1_s004,liuqin_r1,8,Liuqin,8,Classical,1
liuqin_r1_s005,liuqin_r1,8,Liuqin,8,Classical,1
liuqin_r1_s006,liuqin_r1,8,Liuqin,8,Classical,1
liuqin_r1_s007,liuqin_r1,8,Liuqin,8,Classical,1
liuqin_r1_s008,liuqin_r1,8,Liuqin,8,Classical,1
liuqin_r1_s009,liuqin_r1,8,Liuqin,8,Classical,1
liuqin_r1_s010,liuqin_r1,8,Liuqin,8,Classical,1
liuqin_r1_s011,liuqin_r1,8,Liuqin,8,Classical,1
liuqin_r1_s012,liuqin_r1,8,Liuqin,8,Classical,1
guzheng_r1_s001,guzheng_r1,9,Guzheng,9,Classical,1
guzheng_r1_s002,guzheng_r1,9,Guzheng,9,Classical,1
guzheng_r1_s003,guzheng_r1,9,Guzheng,9,Classical,1
guzheng_r1_s004,guzheng_r1,9,Guzheng,9,Classical,1
guzheng_r1_s005,guzheng_r1,9,Guzheng,9,Classical,1
guzheng_r1_s006,guzheng_r1,9,Guzheng,9,Classical,1
guzheng_r1_s007,guzheng_r1,9,Guzheng,9,Classical,1
guzheng_r1_s008,guzheng_r1,9,Guzheng,9,Classical,1
guzheng_r1_s009,guzheng_r1,9,Guzheng,9,Classical,1
guzheng_r1_s010,guzheng_r1,9,Guzheng,9,Classical,1
guzheng_r1_s011,guzheng_r1,9,Guzheng,9,Classical,1
guzheng_r1_s012,guzheng_r1,9,Guzheng,3,Classical,1
guzheng_r1_s013,guzheng_r1,9,Guzheng,7,Classical,1
guzheng_r1_s014,guzheng_r1,9,Guzheng,9,Classical,1
guzheng_r1_s015,guzheng_r1,9,Guzheng,9,Classical,1
guzheng_r1_s016,guzheng_r1,9,Guzheng,9,Classical,1
guzheng_r1_s017,guzheng_r1,9,Guzheng,9,Classical,1
guzheng_r1_s018,guzheng_r1,9,Guzheng,9,Classical,1
guzheng_r1_s019,guzheng_r1,9,Guzheng,9,Classical,1
guzheng_r1_s020,guzheng_r1,9,Guzheng,9,Classical,1
guzheng_r1_s021,guzheng_r1,9,Guzheng,9,Classical,1
guzheng_r1_s022,guzheng_r1,9,Guzheng,9,Classical,1
guzheng_r1_s023,guzheng_r1,9,Guzheng,9,Classical,1
guzheng_r1_s024,guzheng_r1,9,Guzheng,9,Classical,1
guzheng_r1_s025,guzheng_r1,9,Guzheng,9,Classical,1
guzheng_r1_s026,guzheng_r1,9,Guzheng,9,Classical,1
guzheng_r1_s027,guzheng_r1,9,Guzheng,9,Classical,1
guzheng_r1_s028,guzheng_r1,9,Guzheng,9,Classical,1
guzheng_r1_s029,guzheng_r1,9,Guzheng,9,Classical,1
guzheng_r1_s030,guzheng_r1,9,Guzheng,9,Classical,1
guzheng_r1_s031,guzheng_r1,9,Guzheng,9,Classical,1
guzheng_r1_s032,guzheng_r1,9,Guzheng,9,Classical,1
yangqin_r1_s001,yangqin_r1,10,Yangqin,10,Classical,1
yangqin_r1_s002,yangqin_r1,10,Yangqin,10,Classical,1
yangqin_r1_s003,yangqin_r1,10,Yangqin,10,Classical,1
yangqin_r1_s004,yangqin_r1,10,Yangqin,10,Classical,1
yangqin_r1_s005,yangqin_r1,10,Yangqin,10,Classical,1
yangqin_r1_s006,yangqin_r1,10,Yangqin,10,Classical,1
yangqin_r1_s007,yangqin_r1,10,Yangqin,10,Classical,1
yangqin_r1_s008,yangqin_r1,10,Yangqin,10,Classical,1
yangqin_r1_s009,yangqin_r1,10,Yangqin,10,Classical,1
yangqin_r1_s010,yangqin_r1,10,Yangqin,10,Classical,1
yangqin_r1_s011,yangqin_r1,10,Yangqin,10,Classical,1
yangqin_r1_s012,yangqin_r1,10,Yangqin,10,Classical,1
yangqin_r1_s013,yangqin_r1,10,Yangqin,10,Classical,1
yangqin_r1_s014,yangqin_r1,10,Yangqin,10,Classical,1
sheng_r1_s001,sheng_r1,11,Sheng,11,Classical,1
sheng_r1_s002,sheng_r1,11,Sheng,11,Classical,1
sheng_r1_s003,sheng_r1,11,Sheng,1,Classical,1
sheng_r1_s004,sheng_r1,11,Sheng,11,Classical,1
sheng_r1_s005,sheng_r1,11,Sheng,11,Classical,1
sheng_r1_s006,sheng_r1,11,Sheng,4,Classical,1
sheng_r1_s007,sheng_r1,11,Sheng,11,Classical,1
sheng_r1_s008,sheng_r1,11,Sheng,11,Classical,1
sheng_r1_s009,sheng_r1,11,Sheng,4,Classical,1
sheng_r1_s010,sheng_r1,11,Sheng,11,Classical,1
sheng_r1_s011,sheng_r1,11,Sheng,11,Classical,1
sheng_r1_s012,sheng_r1,11,Sheng,1,Classical,1
sheng_r1_s013,sheng_r1,11,Sheng,4,Classical,1
sheng_r1_s014,sheng_r1,11,Sheng,11,Classical,1
sheng_r1_s015,sheng_r1,11,Sheng,11,Classical,1
sheng_r1_s016,sheng_r1,11,Sheng,11,Classical,1
sheng_r1_s017,sheng_r1,11,Sheng,11,Classical,1
sheng_r1_s018,sheng_r1,11,Sheng,11,Classical,1
sheng_r1_s019,sheng_r1,11,Sheng,11,Classical,1
sheng_r1_s020,sheng_r1,11,Sheng,11,Classical,1
sheng_r1_s021,sheng_r1,11,Sheng,11,Classical,1
sheng_r1_s022,sheng_r1,11,Sheng,11,Classical,1
sheng_r1_s023,sheng_r1,11,Sheng,11,Classical,1
sheng_r1_s024,sheng_r1,11,Sheng,4,Classical,1
sheng_r1_s025,sheng_r1,11,Sheng,11,Classical,1
sheng_r1_s026,sheng_r1,11,Sheng,11,Classical,1
sheng_r1_s027,sheng_r1,11,Sheng,11,Classical,1
sheng_r1_s028,sheng_r1,11,Sheng,11,Classical,1
sheng_r1_s029,sheng_r1,11,Sheng,11,Classical,1
sheng_r1_s030,sheng_r1,11,Sheng,11,Classical,1
sheng_r1_s031,sheng_r1,11,Sheng,11,Classical,1
sheng_r1_s032,sheng_r1,11,Sheng,11,Classical,1
sheng_r1_s033,sheng_r1,11,Sheng,11,Classical,1
sheng_r1_s034,sheng_r1,11,Sheng,11,Classical,1
sheng_r1_s035,sheng_r1,11,Sheng,11,Classical,1
sheng_r1_s036,sheng_r1,11,Sheng,4,Classical,1
sheng_r1_s037,sheng_r1,11,Sheng,4,Classical,1
sheng_r1_s038,sheng_r1,11,Sheng,4,Classical,1
sheng_r1_s039,sheng_r1,11,Sheng,11,Classical,1
sheng_r1_s040,sheng_r1,11,Sheng,4,Classical,1
sheng_r1_s041,sheng_r1,11,Sheng,11,Classical,1
sheng_r1_s042,sheng_r1,11,Sheng,11,Classical,1
sheng_r1_s043,sheng_r1,11,Sheng,11,Classical,1
sheng_r1_s044,sheng_r1,11,Sheng,11,Classical,1
sheng_r1_s045,sheng_r1,11,Sheng,11,Classical,1
sheng_r1_s046,sheng_r1,11,Sheng,11,Classical,1
sheng_r1_s047,sheng_r1,11,Sheng,11,Classical,1
sheng_r1_s048,sheng_r1,11,Sheng,11,Classical,1
sheng_r1_s049,sheng_r1,11,Sheng,11,Classical,1
sheng_r1_s050,sheng_r1,11,Sheng,11,Classical,1
sheng_r1_s051,sheng_r1,11,Sheng,11,Classical,1
erhu_r2_s001,erhu_r2,1,Erhu,1,Classical,2
erhu_r2_s002,erhu_r2,1,Erhu,1,Classical,2
erhu_r2_s003,erhu_r2,1,Erhu,1,Classical,2
erhu_r2_s004,erhu_r2,1,Erhu,1,Classical,2
erhu_r2_s005,erhu_r2,1,Erhu,1,Classical,2
erhu_r2_s006,erhu_r2,1,Erhu,1,Classical,2
erhu_r2_s007,erhu_r2,1,Erhu,1,Classical,2
erhu_r2_s008,erhu_r2,1,Erhu,1,Classical,2
erhu_r2_s009,erhu_r2,1,Erhu,1,Classical,2
erhu_r2_s010,erhu_r2,1,Erhu,1,Classical,2
erhu_r2_s011,erhu_r2,1,Erhu,1,Classical,2
erhu_r2_s012,erhu_r2,1,Erhu,1,Classical,2
erhu_r2_s013,erhu_r2,1,Erhu,1,Classical,2
erhu_r2_s014,erhu_r2,1,Erhu,1,Classical,2
erhu_r2_s015,erhu_r2,1,Erhu,1,Classical,2
erhu_r2_s016,erhu_r2,1,Erhu,1,Classical,2
erhu_r2_s017,erhu_r2,1,Erhu,1,Classical,2
erhu_r2_s018,erhu_r2,1,Erhu,10,Classical,2
pipa_r2_s001,pipa_r2,2,Pipa,2,Classical,2
pipa_r2_s002,pipa_r2,2,Pipa,2,Classical,2
pipa_r2_s003,pipa_r2,2,Pipa,2,Classical,2
pipa_r2_s004,pipa_r2,2,Pipa,2,Classical,2
pipa_r2_s005,pipa_r2,2,Pipa,2,Classical,2
pipa_r2_s006,pipa_r2,2,Pipa,2,Classical,2
pipa_r2_s007,pipa_r2,2,Pipa,2,Classical,2
pipa_r2_s008,pipa_r2,2,Pipa,2,Classical,2
pipa_r2_s009,pipa_r2,2,Pipa,2,Classical,2
pipa_r2_s010,pipa_r2,2,Pipa,2,Classical,2
pipa_r2_s011,pipa_r2,2,Pipa,2,Classical,2
sanxian_r2_s001,sanxian_r2,3,Sanxian,3,Classical,2
sanxian_r2_s002,sanxian_r2,3,Sanxian,3,Classical,2
sanxian_r2_s003,sanxian_r2,3,Sanxian,3,Classical,2
sanxian_r2_s004,sanxian_r2,3,Sanxian,3,Classical,2
sanxian_r2_s005,sanxian_r2,3,Sanxian,3,Classical,2
sanxian_r2_s006,sanxian_r2,3,Sanxian,3,Classical,2
sanxian_r2_s007,sanxian_r2,3,Sanxian,3,Classical,2
sanxian_r2_s008,sanxian_r2,3,Sanxian,3,Classical,2
sanxian_r2_s009,sanxian_r2,3,Sanxian,3,Classical,2
sanxian_r2_s010,sanxian_r2,3,Sanxian,3,Classical,2
dizi_r2_s001,dizi_r2,4,Dizi,4,Classical,2
dizi_r2_s002,dizi_r2,4,Dizi,4,Classical,2
dizi_r2_s003,dizi_r2,4,Dizi,4,Classical,2
dizi_r2_s004,dizi_r2,4,Dizi,4,Classical,2
dizi_r2_s005,dizi_r2,4,Dizi,4,Classical,2
dizi_r2_s006,dizi_r2,4,Dizi,4,Classical,2
dizi_r2_s007,dizi_r2,4,Dizi,4,Classical,2
dizi_r2_s008,dizi_r2,4,Dizi,4,Classical,2
dizi_r2_s009,dizi_r2,4,Dizi,4,Classical,2
dizi_r2_s010,dizi_r2,4,Dizi,4,Classical,2
dizi_r2_s011,dizi_r2,4,Dizi,4,Classical,2
dizi_r2_s012,dizi_r2,4,Dizi,4,Classical,2
dizi_r2_s013,dizi_r2,4,Dizi,4,Classical,2
dizi_r2_s014,dizi_r2,4,Dizi,4,Classical,2
dizi_r2_s015,dizi_r2,4,Dizi,4,Classical,2
dizi_r2_s016,dizi_r2,4,Dizi,4,Classical,2
dizi_r2_s017,dizi_r2,4,Dizi,4,Classical,2
dizi_r2_s018,dizi_r2,4,Dizi,4,Classical,2
dizi_r2_s019,dizi_r2,4,Dizi,4,Classical,2
dizi_r2_s020,dizi_r2,4,Dizi,4,Classical,2
suona_r2_s001,suona_r2,5,Suona,5,Classical,2
suona_r2_s002,suona_r2,5,Suona,5,Classical,2
suona_r2_s003,suona_r2,5,Suona,5,Classical,2
suona_r2_s004,suona_r2,5,Suona,5,Classical,2
suona_r2_s005,suona_r2,5,Suona,5,Classical,2
zhuiqin_r2_s001,zhuiqin_r2,6,Zhuiqin,11,Classical,2
zhuiqin_r2_s002,zhuiqin_r2,6,Zhuiqin,6,Classical,2
zhuiqin_r2_s003,zhuiqin_r2,6,Zhuiqin,6,Classical,2
zhuiqin_r2_s004,zhuiqin_r2,6,Zhuiqin,6,Classical,2
zhuiqin_r2_s005,zhuiqin_r2,6,Zhuiqin,6,Classical,2
zhuiqin_r2_s006,zhuiqin_r2,6,Zhuiqin,6,Classical,2
zhuiqin_r2_s007,zhuiqin_r2,6,Zhuiqin,6,Classical,2
zhuiqin_r2_s008,zhuiqin_r2,6,Zhuiqin,6,Classical,2
zhuiqin_r2_s009,zhuiqin_r2,6,Zhuiqin,6,Classical,2
zhuiqin_r2_s010,zhuiqin_r2,6,Zhuiqin,6,Classical,2
zhuiqin_r2_s011,zhuiqin_r2,6,Zhuiqin,6,Classical,2
zhuiqin_r2_s012,zhuiqin_r2,6,Zhuiqin,6,Classical,2
zhuiqin_r2_s013,zhuiqin_r2,6,Zhuiqin,6,Classical,2
zhuiqin_r2_s014,zhuiqin_r2,6,Zhuiqin,6,Classical,2
zhuiqin_r2_s015,zhuiqin_r2,6,Zhuiqin,6,Classical,2
zhuiqin_r2_s016,zhuiqin_r2,6,Zhuiqin,6,Classical,2
zhuiqin_r2_s017,zhuiqin_r2,6,Zhuiqin,6,Classical,2
zhongruan_r2_s001,zhongruan_r2,7,Zhongruan,7,Classical,2
zhongruan_r2_s002,zhongruan_r2,7,Zhongruan,7,Classical,2
zhongruan_r2_s003,zhongruan_r2,7,Zhongruan,7,Classical,2
zhongruan_r2_s004,zhongruan_r2,7,Zhongruan,7,Classical,2
zhongruan_r2_s005,zhongruan_r2,7,Zhongruan,7,Classical,2
zhongruan_r2_s006,zhongruan_r2,7,Zhongruan,7,Classical,2
zhongruan_r2_s007,zhongruan_r2,7,Zhongruan,7,Classical,2
zhongruan_r2_s008,zhongruan_r2,7,Zhongruan,7,Classical,2
zhongruan_r2_s009,zhongruan_r2,7,Zhongruan,7,Classical,2
zhongruan_r2_s010,zhongruan_r2,7,Zhongruan,7,Classical,2
zhongruan_r2_s011,zhongruan_r2,7,Zhongruan,7,Classical,2
zhongruan_r2_s012,zhongruan_r2,7,Zhongruan,7,Classical,2
zhongruan_r2_s013,zhongruan_r2,7,Zhongruan,7,Classical,2
zhongruan_r2_s014,zhongruan_r2,7,Zhongruan,7,Classical,2
liuqin_r2_s001,liuqin_r2,8,Liuqin,8,Classical,2
liuqin_r2_s002,liuqin_r2,8,Liuqin,8,Classical,2
liuqin_r2_s003,liuqin_r2,8,Liuqin,8,Classical,2
liuqin_r2_s004,liuqin_r2,8,Liuqin,8,Classical,2
liuqin_r2_s005,liuqin_r2,8,Liuqin,8,Classical,2
liuqin_r2_s006,liuqin_r2,8,Liuqin,8,Classical,2
liuqin_r2_s007,liuqin_r2,8,Liuqin,8,Classical,2
liuqin_r2_s008,liuqin_r2,8,Liuqin,8,Classical,2
liuqin_r2_s009,liuqin_r2,8,Liuqin,8,Classical,2
liuqin_r2_s010,liuqin_r2,8,Liuqin,8,Classical,2
liuqin_r2_s011,liuqin_r2,8,Liuqin,8,Classical,2
liuqin_r2_s012,liuqin_r2,8,Liuqin,8,Classical,2
liuqin_r2_s013,liuqin_r2,8,Liuqin,8,Classical,2
liuqin_r2_s014,liuqin_r2,8,Liuqin,8,Classical,2
liuqin_r2_s015,liuqin_r2,8,Liuqin,8,Classical,2
liuqin_r2_s016,liuqin_r2,8,Liuqin,8,Classical,2
liuqin_r2_s017,liuqin_r2,8,Liuqin,8,Classical,2
liuqin_r2_s018,liuqin_r2,8,Liuqin,8,Classical,2
liuqin_r2_s019,liuqin_r2,8,Liuqin,11,Classical,2
liuqin_r2_s020,liuqin_r2,8,Liuqin,8,Classical,2
liuqin_r2_s021,liuqin_r2,8,Liuqin,8,Classical,2
liuqin_r2_s022,liuqin_r2,8,Liuqin,9,Classical,2
guzheng_r2_s001,guzheng_r2,9,Guzheng,9,Classical,2
guzheng_r2_s002,guzheng_r2,9,Guzheng,9,Classical,2
guzheng_r2_s003,guzheng_r2,9,Guzheng,9,Classical,2
guzheng_r2_s004,guzheng_r2,9,Guzheng,9,Classical,2
guzheng_r2_s005,guzheng_r2,9,Guzheng,9,Classical,2
guzheng_r2_s006,guzheng_r2,9,Guzheng,9,Classical,2
guzheng_r2_s007,guzheng_r2,9,Guzheng,9,Classical,2
guzheng_r2_s008,guzheng_r2,9,Guzheng,9,Classical,2
guzheng_r2_s009,guzheng_r2,9,Guzheng,9,Classical,2
guzheng_r2_s010,guzheng_r2,9,Guzheng,9,Classical,2
guzheng_r2_s011,guzheng_r2,9,Guzheng,9,Classical,2
guzheng_r2_s012,guzheng_r2,9,Guzheng,9,Classical,2
guzheng_r2_s013,guzheng_r2,9,Guzheng,9,Classical,2
guzheng_r2_s014,guzheng_r2,9,Guzheng,9,Classical,2
guzheng_r2_s015,guzheng_r2,9,Guzheng,9,Classical,2
yangqin_r2_s001,yangqin_r2,10,Yangqin,10,Classical,2
yangqin_r2_s002,yangqin_r2,10,Yangqin,10,Classical,2
yangqin_r2_s003,yangqin_r2,10,Yangqin,10,Classical,2
yangqin_r2_s004,yangqin_r2,10,Yangqin,10,Classical,2
yangqin_r2_s005,yangqin_r2,10,Yangqin,10,Classical,2
yangqin_r2_s006,yangqin_r2,10,Yangqin,10,Classical,2
yangqin_r2_s007,yangqin_r2,10,Yangqin,10,Classical,2
yangqin_r2_s008,yangqin_r2,10,Yangqin,10,Classical,2
yangqin_r2_s009,yangqin_r2,10,Yangqin,10,Classical,2
yangqin_r2_s010,yangqin_r2,10,Yangqin,10,Classical,2
sheng_r2_s001,sheng_r2,11,Sheng,11,Classical,2
sheng_r2_s002,sheng_r2,11,Sheng,11,Classical,2
sheng_r2_s003,sheng_r2,11,Sheng,11,Classical,2
sheng_r2_s004,sheng_r2,11,Sheng,11,Classical,2
sheng_r2_s005,sheng_r2,11,Sheng,11,Classical,2
sheng_r2_s006,sheng_r2,11,Sheng,11,Classical,2
sheng_r2_s007,sheng_r2,11,Sheng,11,Classical,2
sheng_r2_s008,sheng_r2,11,Sheng,11,Classical,2
sheng_r2_s009,sheng_r2,11,Sheng,11,Classical,2
sheng_r2_s010,sheng_r2,11,Sheng,11,Classical,2
sheng_r2_s011,sheng_r2,11,Sheng,11,Classical,2
sheng_r2_s012,sheng_r2,11,Sheng,11,Classical,2
sheng_r2_s013,sheng_r2,11,Sheng,11,Classical,2
sheng_r2_s014,sheng_r2,11,Sheng,11,Classical,2
sheng_r2_s015,sheng_r2,11,Sheng,4,Classical,2
sheng_r2_s016,sheng_r2,11,Sheng,11,Classical,2
sheng_r2_s017,sheng_r2,11,Sheng,11,Classical,2
sheng_r2_s018,sheng_r2,11,Sheng,11,Classical,2
sheng_r2_s019,sheng_r2,11,Sheng,11,Classical,2
sheng_r2_s020,sheng_r2,11,Sheng,11,Classical,2
erhu_r3_s001,erhu_r3,1,Erhu,1,Classical,3
erhu_r3_s002,erhu_r3,1,Erhu,1,Classical,3
erhu_r3_s003,erhu_r3,1,Erhu,1,Classical,3
erhu_r3_s004,erhu_r3,1,Erhu,1,Classical,3
erhu_r3_s005,erhu_r3,1,Erhu,1,Classical,3
erhu_r3_s006,erhu_r3,1,Erhu,1,Classical,3
erhu_r3_s007,erhu_r3,1,Erhu,1,Classical,3
erhu_r3_s008,erhu_r3,1,Erhu,1,Classical,3
erhu_r3_s009,erhu_r3,1,Erhu,1,Classical,3
erhu_r3_s010,erhu_r3,1,Erhu,1,Classical,3
erhu_r3_s011,erhu_r3,1,Erhu,1,Classical,3
erhu_r3_s012,erhu_r3,1,Erhu,1,Classical,3
erhu_r3_s013,erhu_r3,1,Erhu,1,Classical,3
erhu_r3_s014,erhu_r3,1,Erhu,1,Classical,3
erhu_r3_s015,erhu_r3,1,Erhu,1,Classical,3
erhu_r3_s016,erhu_r3,1,Erhu,1,Classical,3
erhu_r3_s017,erhu_r3,1,Erhu,1,Classical,3
erhu_r3_s018,erhu_r3,1,Erhu,1,Classical,3
erhu_r3_s019,erhu_r3,1,Erhu,1,Classical,3
erhu_r3_s020,erhu_r3,1,Erhu,1,Classical,3
erhu_r3_s021,erhu_r3,1,Erhu,1,Classical,3
erhu_r3_s022,erhu_r3,1,Erhu,1,Classical,3
erhu_r3_s023,erhu_r3,1,Erhu,1,Classical,3
pipa_r3_s001,pipa_r3,2,Pipa,2,Classical,3
pipa_r3_s002,pipa_r3,2,Pipa,2,Classical,3
pipa_r3_s003,pipa_r3,2,Pipa,2,Classical,3
pipa_r3_s004,pipa_r3,2,Pipa,2,Classical,3
pipa_r3_s005,pipa_r3,2,Pipa,2,Classical,3
pipa_r3_s006,pipa_r3,2,Pipa,2,Classical,3
pipa_r3_s007,pipa_r3,2,Pipa,2,Classical,3
pipa_r3_s008,pipa_r3,2,Pipa,2,Classical,3
pipa_r3_s009,pipa_r3,2,Pipa,2,Classical,3
pipa_r3_s010,pipa_r3,2,Pipa,2,Classical,3
pipa_r3_s011,pipa_r3,2,Pipa,2,Classical,3
pipa_r3_s012,pipa_r3,2,Pipa,2,Classical,3
pipa_r3_s013,pipa_r3,2,Pipa,2,Classical,3
pipa_r3_s014,pipa_r3,2,Pipa,2,Classical,3
pipa_r3_s015,pipa_r3,2,Pipa,2,Classical,3
pipa_r3_s016,pipa_r3,2,Pipa,2,Classical,3
pipa_r3_s017,pipa_r3,2,Pipa,2,Classical,3
pipa_r3_s018,pipa_r3,2,Pipa,2,Classical,3
pipa_r3_s019,pipa_r3,2,Pipa,2,Classical,3
sanxian_r3_s001,sanxian_r3,3,Sanxian,3,Classical,3
sanxian_r3_s002,sanxian_r3,3,Sanxian,3,Classical,3
sanxian_r3_s003,sanxian_r3,3,Sanxian,3,Classical,3
sanxian_r3_s004,sanxian_r3,3,Sanxian,3,Classical,3
sanxian_r3_s005,sanxian_r3,3,Sanxian,3,Classical,3
sanxian_r3_s006,sanxian_r3,3,Sanxian,3,Classical,3
sanxian_r3_s007,sanxian_r3,3,Sanxian,3,Classical,3
sanxian_r3_s008,sanxian_r3,3,Sanxian,3,Classical,3
dizi_r3_s001,dizi_r3,4,Dizi,4,Classical,3
dizi_r3_s002,dizi_r3,4,Dizi,4,Classical,3
dizi_r3_s003,dizi_r3,4,Dizi,4,Classical,3
dizi_r3_s004,dizi_r3,4,Dizi,4,Classical,3
dizi_r3_s005,dizi_r3,4,Dizi,4,Classical,3
dizi_r3_s006,dizi_r3,4,Dizi,4,Classical,3
dizi_r3_s007,dizi_r3,4,Dizi,4,Classical,3
dizi_r3_s008,dizi_r3,4,Dizi,4,Classical,3
dizi_r3_s009,dizi_r3,4,Dizi,4,Classical,3
dizi_r3_s010,dizi_r3,4,Dizi,4,Classical,3
dizi_r3_s011,dizi_r3,4,Dizi,4,Classical,3
dizi_r3_s012,dizi_r3,4,Dizi,4,Classical,3
dizi_r3_s013,dizi_r3,4,Dizi,4,Classical,3
dizi_r3_s014,dizi_r3,4,Dizi,4,Classical,3
dizi_r3_s015,dizi_r3,4,Dizi,4,Classical,3
dizi_r3_s016,dizi_r3,4,Dizi,4,Classical,3
dizi_r3_s017,dizi_r3,4,Dizi,4,Classical,3
suona_r3_s001,suona_r3,5,Suona,5,Classical,3
suona_r3_s002,suona_r3,5,Suona,5,Classical,3
suona_r3_s003,suona_r3,5,Suona,5,Classical,3
suona_r3_s004,suona_r3,5,Suona,5,Classical,3
suona_r3_s005,suona_r3,5,Suona,5,Classical,3
suona_r3_s006,suona_r3,5,Suona,5,Classical,3
suona_r3_s007,suona_r3,5,Suona,5,Classical,3
suona_r3_s008,suona_r3,5,Suona,5,Classical,3
suona_r3_s009,suona_r3,5,Suona,5,Classical,3
suona_r3_s010,suona_r3,5,Suona,5,Classical,3
suona_r3_s011,suona_r3,5,Suona,5,Classical,3
zhuiqin_r3_s001,zhuiqin_r3,6,Zhuiqin,6,Classical,3
zhuiqin_r3_s002,zhuiqin_r3,6,Zhuiqin,6,Classical,3
zhuiqin_r3_s003,zhuiqin_r3,6,Zhuiqin,6,Classical,3
zhuiqin_r3_s004,zhuiqin_r3,6,Zhuiqin,6,Classical,3
zhuiqin_r3_s005,zhuiqin_r3,6,Zhuiqin,6,Classical,3
zhuiqin_r3_s006,zhuiqin_r3,6,Zhuiqin,6,Classical,3
zhuiqin_r3_s007,zhuiqin_r3,6,Zhuiqin,6,Classical,3
zhuiqin_r3_s008,zhuiqin_r3,6,Zhuiqin,6,Classical,3
zhuiqin_r3_s009,zhuiqin_r3,6,Zhuiqin,6,Classical,3
zhuiqin_r3_s010,zhuiqin_r3,6,Zhuiqin,6,Classical,3
zhuiqin_r3_s011,zhuiqin_r3,6,Zhuiqin,6,Classical,3
zhuiqin_r3_s012,zhuiqin_r3,6,Zhuiqin,6,Classical,3
zhuiqin_r3_s013,zhuiqin_r3,6,Zhuiqin,6,Classical,3
zhuiqin_r3_s014,zhuiqin_r3,6,Zhuiqin,6,Classical,3
zhuiqin_r3_s015,zhuiqin_r3,6,Zhuiqin,6,Classical,3
zhuiqin_r3_s016,zhuiqin_r3,6,Zhuiqin,6,Classical,3
zhuiqin_r3_s017,zhuiqin_r3,6,Zhuiqin,6,Classical,3
zhuiqin_r3_s018,zhuiqin_r3,6,Zhuiqin,6,Classical,3
zhuiqin_r3_s019,zhuiqin_r3,6,Zhuiqin,6,Classical,3
zhuiqin_r3_s020,zhuiqin_r3,6,Zhuiqin,6,Classical,3
zhongruan_r3_s001,zhongruan_r3,7,Zhongruan,11,Classical,3
zhongruan_r3_s002,zhongruan_r3,7,Zhongruan,7,Classical,3
zhongruan_r3_s003,zhongruan_r3,7,Zhongruan,7,Classical,3
zhongruan_r3_s004,zhongruan_r3,7,Zhongruan,7,Classical,3
zhongruan_r3_s005,zhongruan_r3,7,Zhongruan,7,Classical,3
zhongruan_r3_s006,zhongruan_r3,7,Zhongruan,7,Classical,3
zhongruan_r3_s007,zhongruan_r3,7,Zhongruan,7,Classical,3
zhongruan_r3_s008,zhongruan_r3,7,Zhongruan,7,Classical,3
zhongruan_r3_s009,zhongruan_r3,7,Zhongruan,7,Classical,3
zhongruan_r3_s010,zhongruan_r3,7,Zhongruan,7,Classical,3
zhongruan_r3_s011,zhongruan_r3,7,Zhongruan,7,Classical,3
zhongruan_r3_s012,zhongruan_r3,7,Zhongruan,7,Classical,3
zhongruan_r3_s013,zhongruan_r3,7,Zhongruan,7,Classical,3
zhongruan_r3_s014,zhongruan_r3,7,Zhongruan,7,Classical,3
zhongruan_r3_s015,zhongruan_r3,7,Zhongruan,7,Classical,3
zhongruan_r3_s016,zhongruan_r3,7,Zhongruan,7,Classical,3
zhongruan_r3_s017,zhongruan_r3,7,Zhongruan,7,Classical,3
zhongruan_r3_s018,zhongruan_r3,7,Zhongruan,7,Classical,3
zhongruan_r3_s019,zhongruan_r3,7,Zhongruan,7,Classical,3
zhongruan_r3_s020,zhongruan_r3,7,Zhongruan,7,Classical,3
zhongruan_r3_s021,zhongruan_r3,7,Zhongruan,7,Classical,3
zhongruan_r3_s022,zhongruan_r3,7,Zhongruan,7,Classical,3
zhongruan_r3_s023,zhongruan_r3,7,Zhongruan,7,Classical,3
zhongruan_r3_s024,zhongruan_r3,7,Zhongruan,7,Classical,3
zhongruan_r3_s025,zhongruan_r3,7,Zhongruan,7,Classical,3
liuqin_r3_s001,liuqin_r3,8,Liuqin,8,Classical,3
liuqin_r3_s002,liuqin_r3,8,Liuqin,8,Classical,3
liuqin_r3_s003,liuqin_r3,8,Liuqin,8,Classical,3
liuqin_r3_s004,liuqin_r3,8,Liuqin,8,Classical,3
liuqin_r3_s005,liuqin_r3,8,Liuqin,8,Classical,3
liuqin_r3_s006,liuqin_r3,8,Liuqin,8,Classical,3
liuqin_r3_s007,liuqin_r3,8,Liuqin,8,Classical,3
liuqin_r3_s008,liuqin_r3,8,Liuqin,8,Classical,3
liuqin_r3_s009,liuqin_r3,8,Liuqin,8,Classical,3
liuqin_r3_s010,liuqin_r3,8,Liuqin,8,Classical,3
liuqin_r3_s011,liuqin_r3,8,Liuqin,8,Classical,3
liuqin_r3_s012,liuqin_r3,8,Liuqin,8,Classical,3
liuqin_r3_s013,liuqin_r3,8,Liuqin,8,Classical,3
liuqin_r3_s014,liuqin_r3,8,Liuqin,8,Classical,3
liuqin_r3_s015,liuqin_r3,8,Liuqin,8,Classical,3
liuqin_r3_s016,liuqin_r3,8,Liuqin,8,Classical,3
liuqin_r3_s017,liuqin_r3,8,Liuqin,8,Classical,3
liuqin_r3_s018,liuqin_r3,8,Liuqin,8,Classical,3
liuqin_r3_s019,liuqin_r3,8,Liuqin,2,Classical,3
liuqin_r3_s020,liuqin_r3,8,Liuqin,2,Classical,3
liuqin_r3_s021,liuqin_r3,8,Liuqin,8,Classical,3
guzheng_r3_s001,guzheng_r3,9,Guzheng,9,Classical,3
guzheng_r3_s002,guzheng_r3,9,Guzheng,9,Classical,3
guzheng_r3_s003,guzheng_r3,9,Guzheng,9,Classical,3
guzheng_r3_s004,guzheng_r3,9,Guzheng,9,Classical,3
guzheng_r3_s005,guzheng_r3,9,Guzheng,9,Classical,3
guzheng_r3_s006,guzheng_r3,9,Guzheng,9,Classical,3
guzheng_r3_s007,guzheng_r3,9,Guzheng,9,Classical,3
guzheng_r3_s008,guzheng_r3,9,Guzheng,9,Classical,3
guzheng_r3_s009,guzheng_r3,9,Guzheng,9,Classical,3
guzheng_r3_s010,guzheng_r3,9,Guzheng,9,Classical,3
guzheng_r3_s011,guzheng_r3,9,Guzheng,9,Classical,3
guzheng_r3_s012,guzheng_r3,9,Guzheng,9,Classical,3
guzheng_r3_s013,guzheng_r3,9,Guzheng,9,Classical,3
guzheng_r3_s014,guzheng_r3,9,Guzheng,9,Classical,3
guzheng_r3_s015,guzheng_r3,9,Guzheng,9,Classical,3
guzheng_r3_s016,guzheng_r3,9,Guzheng,9,Classical,3
guzheng_r3_s017,guzheng_r3,9,Guzheng,9,Classical,3
guzheng_r3_s018,guzheng_r3,9,Guzheng,9,Classical,3
guzheng_r3_s019,guzheng_r3,9,Guzheng,9,Classical,3
guzheng_r3_s020,guzheng_r3,9,Guzheng,9,Classical,3
guzheng_r3_s021,guzheng_r3,9,Guzheng,9,Classical,3
guzheng_r3_s022,guzheng_r3,9,Guzheng,9,Classical,3
guzheng_r3_s023,guzheng_r3,9,Guzheng,9,Classical,3
guzheng_r3_s024,guzheng_r3,9,Guzheng,9,Classical,3
guzheng_r3_s025,guzheng_r3,9,Guzheng,9,Classical,3
guzheng_r3_s026,guzheng_r3,9,Guzheng,9,Classical,3
guzheng_r3_s027,guzheng_r3,9,Guzheng,9,Classical,3
guzheng_r3_s028,guzheng_r3,9,Guzheng,9,Classical,3
yangqin_r3_s001,yangqin_r3,10,Yangqin,10,Classical,3
yangqin_r3_s002,yangqin_r3,10,Yangqin,10,Classical,3
yangqin_r3_s003,yangqin_r3,10,Yangqin,10,Classical,3
yangqin_r3_s004,yangqin_r3,10,Yangqin,10,Classical,3
yangqin_r3_s005,yangqin_r3,10,Yangqin,10,Classical,3
yangqin_r3_s006,yangqin_r3,10,Yangqin,10,Classical,3
yangqin_r3_s007,yangqin_r3,10,Yangqin,10,Classical,3
yangqin_r3_s008,yangqin_r3,10,Yangqin,10,Classical,3
yangqin_r3_s009,yangqin_r3,10,Yangqin,10,Classical,3
yangqin_r3_s010,yangqin_r3,10,Yangqin,10,Classical,3
yangqin_r3_s011,yangqin_r3,10,Yangqin,10,Classical,3
yangqin_r3_s012,yangqin_r3,10,Yangqin,10,Classical,3
yangqin_r3_s013,yangqin_r3,10,Yangqin,10,Classical,3
sheng_r3_s001,sheng_r3,11,Sheng,11,Classical,3
sheng_r3_s002,sheng_r3,11,Sheng,2,Classical,3
sheng_r3_s003,sheng_r3,11,Sheng,11,Classical,3
sheng_r3_s004,sheng_r3,11,Sheng,11,Classical,3
sheng_r3_s005,sheng_r3,11,Sheng,11,Classical,3
sheng_r3_s006,sheng_r3,11,Sheng,11,Classical,3
sheng_r3_s007,sheng_r3,11,Sheng,11,Classical,3
sheng_r3_s008,sheng_r3,11,Sheng,11,Classical,3
sheng_r3_s009,sheng_r3,11,Sheng,11,Classical,3
sheng_r3_s010,sheng_r3,11,Sheng,11,Classical,3
sheng_r3_s011,sheng_r3,11,Sheng,11,Classical,3
sheng_r3_s012,sheng_r3,11,Sheng,11,Classical,3
sheng_r3_s013,sheng_r3,11,Sheng,11,Classical,3
sheng_r3_s014,sheng_r3,11,Sheng,11,Classical,3
sheng_r3_s015,sheng_r3,11,Sheng,11,Classical,3
sheng_r3_s016,sheng_r3,11,Sheng,11,Classical,3
sheng_r3_s017,sheng_r3,11,Sheng,11,Classical,3
sheng_r3_s018,sheng_r3,11,Sheng,11,Classical,3
sheng_r3_s019,sheng_r3,11,Sheng,11,Classical,3
sheng_r3_s020,sheng_r3,11,Sheng,11,Classical,3
sheng_r3_s021,sheng_r3,11,Sheng,11,Classical,3
sheng_r3_s022,sheng_r3,11,Sheng,11,Classical,3
sheng_r3_s023,sheng_r3,11,Sheng,11,Classical,3
sheng_r3_s024,sheng_r3,11,Sheng,11,Classical,3
sheng_r3_s025,sheng_r3,11,Sheng,11,Classical,3
sheng_r3_s026,sheng_r3,11,Sheng,11,Classical,3
sheng_r3_s027,sheng_r3,11,Sheng,11,Classical,3
sheng_r3_s028,sheng_r3,11,Sheng,11,Classical,3
sheng_r3_s029,sheng_r3,11,Sheng,11,Classical,3
sheng_r3_s030,sheng_r3,11,Sheng,11,Classical,3
sheng_r3_s031,sheng_r3,11,Sheng,11,Classical,3
sheng_r3_s032,sheng_r3,11,Sheng,11,Classical,3
sheng_r3_s033,sheng_r3,11,Sheng,11,Classical,3
sheng_r3_s034,sheng_r3,11,Sheng,11,Classical,3
sheng_r3_s035,sheng_r3,11,Sheng,11,Classical,3
sheng_r3_s036,sheng_r3,11,Sheng,11,Classical,3
sheng_r3_s037,sheng_r3,11,Sheng,11,Classical,3
sheng_r3_s038,sheng_r3,11,Sheng,11,Classical,3
sheng_r3_s039,sheng_r3,11,Sheng,11,Classical,3
sheng_r3_s040,sheng_r3,11,Sheng,11,Classical,3
sheng_r3_s041,sheng_r3,11,Sheng,11,Classical,3
sheng_r3_s042,sheng_r3,11,Sheng,11,Classical,3
sheng_r3_s043,sheng_r3,11,Sheng,11,Classical,3
sheng_r3_s044,sheng_r3,11,Sheng,11,Classical,3
sheng_r3_s045,sheng_r3,11,Sheng,11,Classical,3
sheng_r3_s046,sheng_r3,11,Sheng,11,Classical,3
sheng_r3_s047,sheng_r3,11,Sheng,11,Classical,3
sheng_r3_s048,sheng_r3,11,Sheng,11,Classical,3
sheng_r3_s049,sheng_r3,11,Sheng,11,Classical,3
sheng_r3_s050,sheng_r3,11,Sheng,11,Classical,3
sheng_r3_s051,sheng_r3,11,Sheng,11,Classical,3
sheng_r3_s052,sheng_r3,11,Sheng,11,Classical,3
sheng_r3_s053,sheng_r3,11,Sheng,11,Classical,3
sheng_r3_s054,sheng_r3,11,Sheng,11,Classical,3
sheng_r3_s055,sheng_r3,11,Sheng,11,Classical,3
sheng_r3_s056,sheng_r3,11,Sheng,11,Classical,3
erhu_r4_s001,erhu_r4,1,Erhu,1,Classical,4
erhu_r4_s002,erhu_r4,1,Erhu,1,Classical,4
erhu_r4_s003,erhu_r4,1,Erhu,1,Classical,4
erhu_r4_s004,erhu_r4,1,Erhu,1,Classical,4
erhu_r4_s005,erhu_r4,1,Erhu,1,Classical,4
erhu_r4_s006,erhu_r4,1,Erhu,1,Classical,4
erhu_r4_s007,erhu_r4,1,Erhu,1,Classical,4
erhu_r4_s008,erhu_r4,1,Erhu,1,Classical,4
erhu_r4_s009,erhu_r4,1,Erhu,1,Classical,4
erhu_r4_s010,erhu_r4,1,Erhu,1,Classical,4
erhu_r4_s011,erhu_r4,1,Erhu,1,Classical,4
erhu_r4_s012,erhu_r4,1,Erhu,1,Classical,4
erhu_r4_s013,erhu_r4,1,Erhu,1,Classical,4
erhu_r4_s014,erhu_r4,1,Erhu,1,Classical,4
erhu_r4_s015,erhu_r4,1,Erhu,1,Classical,4
erhu_r4_s016,erhu_r4,1,Erhu,1,Classical,4
erhu_r4_s017,erhu_r4,1,Erhu,1,Classical,4
erhu_r4_s018,erhu_r4,1,Erhu,1,Classical,4
erhu_r4_s019,erhu_r4,1,Erhu,1,Classical,4
erhu_r4_s020,erhu_r4,1,Erhu,1,Classical,4
pipa_r4_s001,pipa_r4,2,Pipa,11,Classical,4
pipa_r4_s002,pipa_r4,2,Pipa,2,Classical,4
pipa_r4_s003,pipa_r4,2,Pipa,2,Classical,4
pipa_r4_s004,pipa_r4,2,Pipa,2,Classical,4
pipa_r4_s005,pipa_r4,2,Pipa,2,Classical,4
pipa_r4_s006,pipa_r4,2,Pipa,2,Classical,4
pipa_r4_s007,pipa_r4,2,Pipa,2,Classical,4
pipa_r4_s008,pipa_r4,2,Pipa,2,Classical,4
pipa_r4_s009,pipa_r4,2,Pipa,2,Classical,4
pipa_r4_s010,pipa_r4,2,Pipa,2,Classical,4
pipa_r4_s011,pipa_r4,2,Pipa,2,Classical,4
pipa_r4_s012,pipa_r4,2,Pipa,2,Classical,4
pipa_r4_s013,pipa_r4,2,Pipa,2,Classical,4
pipa_r4_s014,pipa_r4,2,Pipa,2,Classical,4
pipa_r4_s015,pipa_r4,2,Pipa,2,Classical,4
pipa_r4_s016,pipa_r4,2,Pipa,2,Classical,4
pipa_r4_s017,pipa_r4,2,Pipa,2,Classical,4
pipa_r4_s018,pipa_r4,2,Pipa,2,Classical,4
pipa_r4_s019,pipa_r4,2,Pipa,2,Classical,4
pipa_r4_s020,pipa_r4,2,Pipa,2,Classical,4
pipa_r4_s021,pipa_r4,2,Pipa,2,Classical,4
pipa_r4_s022,pipa_r4,2,Pipa,2,Classical,4
pipa_r4_s023,pipa_r4,2,Pipa,2,Classical,4
pipa_r4_s024,pipa_r4,2,Pipa,2,Classical,4
sanxian_r4_s001,sanxian_r4,3,Sanxian,3,Classical,4
sanxian_r4_s002,sanxian_r4,3,Sanxian,3,Classical,4
sanxian_r4_s003,sanxian_r4,3,Sanxian,3,Classical,4
sanxian_r4_s004,sanxian_r4,3,Sanxian,3,Classical,4
sanxian_r4_s005,sanxian_r4,3,Sanxian,3,Classical,4
sanxian_r4_s006,sanxian_r4,3,Sanxian,3,Classical,4
sanxian_r4_s007,sanxian_r4,3,Sanxian,3,Classical,4
sanxian_r4_s008,sanxian_r4,3,Sanxian,3,Classical,4
dizi_r4_s001,dizi_r4,4,Dizi,4,Classical,4
dizi_r4_s002,dizi_r4,4,Dizi,4,Classical,4
dizi_r4_s003,dizi_r4,4,Dizi,4,Classical,4
dizi_r4_s004,dizi_r4,4,Dizi,4,Classical,4
dizi_r4_s005,dizi_r4,4,Dizi,4,Classical,4
dizi_r4_s006,dizi_r4,4,Dizi,4,Classical,4
dizi_r4_s007,dizi_r4,4,Dizi,4,Classical,4
dizi_r4_s008,dizi_r4,4,Dizi,4,Classical,4
dizi_r4_s009,dizi_r4,4,Dizi,4,Classical,4
dizi_r4_s010,dizi_r4,4,Dizi,4,Classical,4
dizi_r4_s011,dizi_r4,4,Dizi,4,Classical,4
dizi_r4_s012,dizi_r4,4,Dizi,4,Classical,4
dizi_r4_s013,dizi_r4,4,Dizi,4,Classical,4
dizi_r4_s014,dizi_r4,4,Dizi,4,Classical,4
dizi_r4_s015,dizi_r4,4,Dizi,4,Classical,4
dizi_r4_s016,dizi_r4,4,Dizi,4,Classical,4
dizi_r4_s017,dizi_r4,4,Dizi,4,Classical,4
suona_r4_s001,suona_r4,5,Suona,5,Classical,4
suona_r4_s002,suona_r4,5,Suona,5,Classical,4
suona_r4_s003,suona_r4,5,Suona,5,Classical,4
suona_r4_s004,suona_r4,5,Suona,5,Classical,4
suona_r4_s005,suona_r4,5,Suona,5,Classical,4
suona_r4_s006,suona_r4,5,Suona,5,Classical,4
suona_r4_s007,suona_r4,5,Suona,5,Classical,4
suona_r4_s008,suona_r4,5,Suona,5,Classical,4
suona_r4_s009,suona_r4,5,Suona,5,Classical,4
suona_r4_s010,suona_r4,5,Suona,5,Classical,4
suona_r4_s011,suona_r4,5,Suona,5,Classical,4
suona_r4_s012,suona_r4,5,Suona,5,Classical,4
suona_r4_s013,suona_r4,5,Suona,5,Classical,4
zhuiqin_r4_s001,zhuiqin_r4,6,Zhuiqin,6,Classical,4
zhuiqin_r4_s002,zhuiqin_r4,6,Zhuiqin,6,Classical,4
zhuiqin_r4_s003,zhuiqin_r4,6,Zhuiqin,6,Classical,4
zhuiqin_r4_s004,zhuiqin_r4,6,Zhuiqin,6,Classical,4
zhuiqin_r4_s005,zhuiqin_r4,6,Zhuiqin,6,Classical,4
zhuiqin_r4_s006,zhuiqin_r4,6,Zhuiqin,6,Classical,4
zhuiqin_r4_s007,zhuiqin_r4,6,Zhuiqin,6,Classical,4
zhuiqin_r4_s008,zhuiqin_r4,6,Zhuiqin,6,Classical,4
zhuiqin_r4_s009,zhuiqin_r4,6,Zhuiqin,6,Classical,4
zhuiqin_r4_s010,zhuiqin_r4,6,Zhuiqin,6,Classical,4
zhuiqin_r4_s011,zhuiqin_r4,6,Zhuiqin,6,Classical,4
zhuiqin_r4_s012,zhuiqin_r4,6,Zhuiqin,6,Classical,4
zhuiqin_r4_s013,zhuiqin_r4,6,Zhuiqin,6,Classical,4
zhuiqin_r4_s014,zhuiqin_r4,6,Zhuiqin,6,Classical,4
zhuiqin_r4_s015,zhuiqin_r4,6,Zhuiqin,6,Classical,4
zhuiqin_r4_s016,zhuiqin_r4,6,Zhuiqin,6,Classical,4
zhuiqin_r4_s017,zhuiqin_r4,6,Zhuiqin,6,Classical,4
zhuiqin_r4_s018,zhuiqin_r4,6,Zhuiqin,6,Classical,4
zhuiqin_r4_s019,zhuiqin_r4,6,Zhuiqin,6,Classical,4
zhongruan_r4_s001,zhongruan_r4,7,Zhongruan,7,Classical,4
zhongruan_r4_s002,zhongruan_r4,7,Zhongruan,7,Classical,4
zhongruan_r4_s003,zhongruan_r4,7,Zhongruan,7,Classical,4
zhongruan_r4_s004,zhongruan_r4,7,Zhongruan,7,Classical,4
zhongruan_r4_s005,zhongruan_r4,7,Zhongruan,7,Classical,4
zhongruan_r4_s006,zhongruan_r4,7,Zhongruan,7,Classical,4
zhongruan_r4_s007,zhongruan_r4,7,Zhongruan,7,Classical,4
zhongruan_r4_s008,zhongruan_r4,7,Zhongruan,7,Classical,4
zhongruan_r4_s009,zhongruan_r4,7,Zhongruan,7,Classical,4
zhongruan_r4_s010,zhongruan_r4,7,Zhongruan,7,Classical,4
zhongruan_r4_s011,zhongruan_r4,7,Zhongruan,7,Classical,4
zhongruan_r4_s012,zhongruan_r4,7,Zhongruan,7,Classical,4
zhongruan_r4_s013,zhongruan_r4,7,Zhongruan,7,Classical,4
zhongruan_r4_s014,zhongruan_r4,7,Zhongruan,7,Classical,4
zhongruan_r4_s015,zhongruan_r4,7,Zhongruan,7,Classical,4
zhongruan_r4_s016,zhongruan_r4,7,Zhongruan,7,Classical,4
zhongruan_r4_s017,zhongruan_r4,7,Zhongruan,7,Classical,4
liuqin_r4_s001,liuqin_r4,8,Liuqin,8,Classical,4
liuqin_r4_s002,liuqin_r4,8,Liuqin,8,Classical,4
liuqin_r4_s003,liuqin_r4,8,Liuqin,8,Classical,4
liuqin_r4_s004,liuqin_r4,8,Liuqin,8,Classical,4
liuqin_r4_s005,liuqin_r4,8,Liuqin,8,Classical,4
liuqin_r4_s006,liuqin_r4,8,Liuqin,8,Classical,4
liuqin_r4_s007,liuqin_r4,8,Liuqin,8,Classical,4
guzheng_r4_s001,guzheng_r4,9,Guzheng,9,Classical,4
guzheng_r4_s002,guzheng_r4,9,Guzheng,9,Classical,4
guzheng_r4_s003,guzheng_r4,9,Guzheng,9,Classical,4
guzheng_r4_s004,guzheng_r4,9,Guzheng,9,Classical,4
guzheng_r4_s005,guzheng_r4,9,Guzheng,9,Classical,4
guzheng_r4_s006,guzheng_r4,9,Guzheng,9,Classical,4
guzheng_r4_s007,guzheng_r4,9,Guzheng,9,Classical,4
guzheng_r4_s008,guzheng_r4,9,Guzheng,9,Classical,4
guzheng_r4_s009,guzheng_r4,9,Guzheng,9,Classical,4
guzheng_r4_s010,guzheng_r4,9,Guzheng,9,Classical,4
guzheng_r4_s011,guzheng_r4,9,Guzheng,9,Classical,4
guzheng_r4_s012,guzheng_r4,9,Guzheng,9,Classical,4
guzheng_r4_s013,guzheng_r4,9,Guzheng,9,Classical,4
guzheng_r4_s014,guzheng_r4,9,Guzheng,9,Classical,4
guzheng_r4_s015,guzheng_r4,9,Guzheng,9,Classical,4
guzheng_r4_s016,guzheng_r4,9,Guzheng,9,Classical,4
guzheng_r4_s017,guzheng_r4,9,Guzheng,9,Classical,4
guzheng_r4_s018,guzheng_r4,9,Guzheng,9,Classical,4
guzheng_r4_s019,guzheng_r4,9,Guzheng,9,Classical,4
guzheng_r4_s020,guzheng_r4,9,Guzheng,9,Classical,4
guzheng_r4_s021,guzheng_r4,9,Guzheng,9,Classical,4
yangqin_r4_s001,yangqin_r4,10,Yangqin,10,Classical,4
yangqin_r4_s002,yangqin_r4,10,Yangqin,10,Classical,4
yangqin_r4_s003,yangqin_r4,10,Yangqin,10,Classical,4
yangqin_r4_s004,yangqin_r4,10,Yangqin,10,Classical,4
yangqin_r4_s005,yangqin_r4,10,Yangqin,10,Classical,4
yangqin_r4_s006,yangqin_r4,10,Yangqin,10,Classical,4
yangqin_r4_s007,yangqin_r4,10,Yangqin,10,Classical,4
yangqin_r4_s008,yangqin_r4,10,Yangqin,10,Classical,4
yangqin_r4_s009,yangqin_r4,10,Yangqin,10,Classical,4
yangqin_r4_s010,yangqin_r4,10,Yangqin,10,Classical,4
yangqin_r4_s011,yangqin_r4,10,Yangqin,10,Classical,4
yangqin_r4_s012,yangqin_r4,10,Yangqin,10,Classical,4
yangqin_r4_s013,yangqin_r4,10,Yangqin,10,Classical,4
yangqin_r4_s014,yangqin_r4,10,Yangqin,10,Classical,4
yangqin_r4_s015,yangqin_r4,10,Yangqin,10,Classical,4
yangqin_r4_s016,yangqin_r4,10,Yangqin,3,Classical,4
yangqin_r4_s017,yangqin_r4,10,Yangqin,10,Classical,4
yangqin_r4_s018,yangqin_r4,10,Yangqin,10,Classical,4
sheng_r4_s001,sheng_r4,11,Sheng,11,Classical,4
sheng_r4_s002,sheng_r4,11,Sheng,11,Classical,4
sheng_r4_s003,sheng_r4,11,Sheng,11,Classical,4
sheng_r4_s004,sheng_r4,11,Sheng,11,Classical,4
sheng_r4_s005,sheng_r4,11,Sheng,11,Classical,4
sheng_r4_s006,sheng_r4,11,Sheng,11,Classical,4
sheng_r4_s007,sheng_r4,11,Sheng,11,Classical,4
sheng_r4_s008,sheng_r4,11,Sheng,11,Classical,4
sheng_r4_s009,sheng_r4,11,Sheng,11,Classical,4
sheng_r4_s010,sheng_r4,11,Sheng,11,Classical,4
sheng_r4_s011,sheng_r4,11,Sheng,11,Classical,4
sheng_r4_s012,sheng_r4,11,Sheng,11,Classical,4
sheng_r4_s013,sheng_r4,11,Sheng,11,Classical,4
sheng_r4_s014,sheng_r4,11,Sheng,11,Classical,4
sheng_r4_s015,sheng_r4,11,Sheng,11,Classical,4
sheng_r4_s016,sheng_r4,11,Sheng,11,Classical,4
sheng_r4_s017,sheng_r4,11,Sheng,4,Classical,4
sheng_r4_s018,sheng_r4,11,Sheng,11,Classical,4
sheng_r4_s019,sheng_r4,11,Sheng,11,Classical,4
sheng_r4_s020,sheng_r4,11,Sheng,11,Classical,4
sheng_r4_s021,sheng_r4,11,Sheng,11,Classical,4
sheng_r4_s022,sheng_r4,11,Sheng,11,Classical,4
sheng_r4_s023,sheng_r4,11,Sheng,11,Classical,4
sheng_r4_s024,sheng_r4,11,Sheng,11,Classical,4
sheng_r4_s025,sheng_r4,11,Sheng,11,Classical,4
sheng_r4_s026,sheng_r4,11,Sheng,11,Classical,4
erhu_r5_s001,erhu_r5,1,Erhu,1,Classical,5
erhu_r5_s002,erhu_r5,1,Erhu,1,Classical,5
erhu_r5_s003,erhu_r5,1,Erhu,1,Classical,5
erhu_r5_s004,erhu_r5,1,Erhu,1,Classical,5
erhu_r5_s005,erhu_r5,1,Erhu,1,Classical,5
erhu_r5_s006,erhu_r5,1,Erhu,1,Classical,5
erhu_r5_s007,erhu_r5,1,Erhu,1,Classical,5
erhu_r5_s008,erhu_r5,1,Erhu,1,Classical,5
erhu_r5_s009,erhu_r5,1,Erhu,1,Classical,5
erhu_r5_s010,erhu_r5,1,Erhu,1,Classical,5
erhu_r5_s011,erhu_r5,1,Erhu,1,Classical,5
erhu_r5_s012,erhu_r5,1,Erhu,1,Classical,5
erhu_r5_s013,erhu_r5,1,Erhu,1,Classical,5
erhu_r5_s014,erhu_r5,1,Erhu,1,Classical,5
erhu_r5_s015,erhu_r5,1,Erhu,1,Classical,5
erhu_r5_s016,erhu_r5,1,Erhu,1,Classical,5
erhu_r5_s017,erhu_r5,1,Erhu,1,Classical,5
erhu_r5_s018,erhu_r5,1,Erhu,1,Classical,5
erhu_r5_s019,erhu_r5,1,Erhu,1,Classical,5
erhu_r5_s020,erhu_r5,1,Erhu,1,Classical,5
erhu_r5_s021,erhu_r5,1,Erhu,1,Classical,5
erhu_r5_s022,erhu_r5,1,Erhu,1,Classical,5
erhu_r5_s023,erhu_r5,1,Erhu,1,Classical,5
erhu_r5_s024,erhu_r5,1,Erhu,1,Classical,5
erhu_r5_s025,erhu_r5,1,Erhu,1,Classical,5
erhu_r5_s026,erhu_r5,1,Erhu,1,Classical,5
pipa_r5_s001,pipa_r5,2,Pipa,2,Classical,5
pipa_r5_s002,pipa_r5,2,Pipa,2,Classical,5
pipa_r5_s003,pipa_r5,2,Pipa,2,Classical,5
pipa_r5_s004,pipa_r5,2,Pipa,2,Classical,5
pipa_r5_s005,pipa_r5,2,Pipa,2,Classical,5
pipa_r5_s006,pipa_r5,2,Pipa,2,Classical,5
pipa_r5_s007,pipa_r5,2,Pipa,2,Classical,5
pipa_r5_s008,pipa_r5,2,Pipa,2,Classical,5
pipa_r5_s009,pipa_r5,2,Pipa,2,Classical,5
pipa_r5_s010,pipa_r5,2,Pipa,2,Classical,5
pipa_r5_s011,pipa_r5,2,Pipa,2,Classical,5
pipa_r5_s012,pipa_r5,2,Pipa,2,Classical,5
pipa_r5_s013,pipa_r5,2,Pipa,2,Classical,5
sanxian_r5_s001,sanxian_r5,3,Sanxian,3,Classical,5
sanxian_r5_s002,sanxian_r5,3,Sanxian,3,Classical,5
sanxian_r5_s003,sanxian_r5,3,Sanxian,3,Classical,5
sanxian_r5_s004,sanxian_r5,3,Sanxian,3,Classical,5
sanxian_r5_s005,sanxian_r5,3,Sanxian,3,Classical,5
sanxian_r5_s006,sanxian_r5,3,Sanxian,3,Classical,5
sanxian_r5_s007,sanxian_r5,3,Sanxian,3,Classical,5
sanxian_r5_s008,sanxian_r5,3,Sanxian,3,Classical,5
sanxian_r5_s009,sanxian_r5,3,Sanxian,3,Classical,5
sanxian_r5_s010,sanxian_r5,3,Sanxian,3,Classical,5
sanxian_r5_s011,sanxian_r5,3,Sanxian,3,Classical,5
sanxian_r5_s012,sanxian_r5,3,Sanxian,3,Classical,5
sanxian_r5_s013,sanxian_r5,3,Sanxian,3,Classical,5
sanxian_r5_s014,sanxian_r5,3,Sanxian,3,Classical,5
sanxian_r5_s015,sanxian_r5,3,Sanxian,3,Classical,5
sanxian_r5_s016,sanxian_r5,3,Sanxian,3,Classical,5
dizi_r5_s001,dizi_r5,4,Dizi,11,Classical,5
dizi_r5_s002,dizi_r5,4,Dizi,4,Classical,5
dizi_r5_s003,dizi_r5,4,Dizi,4,Classical,5
dizi_r5_s004,dizi_r5,4,Dizi,4,Classical,5
dizi_r5_s005,dizi_r5,4,Dizi,4,Classical,5
dizi_r5_s006,dizi_r5,4,Dizi,4,Classical,5
dizi_r5_s007,dizi_r5,4,Dizi,4,Classical,5
dizi_r5_s008,dizi_r5,4,Dizi,4,Classical,5
dizi_r5_s009,dizi_r5,4,Dizi,4,Classical,5
dizi_r5_s010,dizi_r5,4,Dizi,11,Classical,5
dizi_r5_s011,dizi_r5,4,Dizi,4,Classical,5
dizi_r5_s012,dizi_r5,4,Dizi,4,Classical,5
dizi_r5_s013,dizi_r5,4,Dizi,4,Classical,5
dizi_r5_s014,dizi_r5,4,Dizi,11,Classical,5
dizi_r5_s015,dizi_r5,4,Dizi,4,Classical,5
dizi_r5_s016,dizi_r5,4,Dizi,4,Classical,5
dizi_r5_s017,dizi_r5,4,Dizi,11,Classical,5
dizi_r5_s018,dizi_r5,4,Dizi,4,Classical,5
suona_r5_s001,suona_r5,5,Suona,5,Classical,5
suona_r5_s002,suona_r5,5,Suona,5,Classical,5
suona_r5_s003,suona_r5,5,Suona,5,Classical,5
suona_r5_s004,suona_r5,5,Suona,5,Classical,5
suona_r5_s005,suona_r5,5,Suona,5,Classical,5
suona_r5_s006,suona_r5,5,Suona,5,Classical,5
suona_r5_s007,suona_r5,5,Suona,5,Classical,5
suona_r5_s008,suona_r5,5,Suona,5,Classical,5
suona_r5_s009,suona_r5,5,Suona,5,Classical,5
zhuiqin_r5_s001,zhuiqin_r5,6,Zhuiqin,6,Classical,5
zhuiqin_r5_s002,zhuiqin_r5,6,Zhuiqin,6,Classical,5
zhuiqin_r5_s003,zhuiqin_r5,6,Zhuiqin,6,Classical,5
zhuiqin_r5_s004,zhuiqin_r5,6,Zhuiqin,6,Classical,5
zhuiqin_r5_s005,zhuiqin_r5,6,Zhuiqin,6,Classical,5
zhuiqin_r5_s006,zhuiqin_r5,6,Zhuiqin,6,Classical,5
zhuiqin_r5_s007,zhuiqin_r5,6,Zhuiqin,6,Classical,5
zhongruan_r5_s001,zhongruan_r5,7,Zhongruan,7,Classical,5
zhongruan_r5_s002,zhongruan_r5,7,Zhongruan,7,Classical,5
zhongruan_r5_s003,zhongruan_r5,7,Zhongruan,7,Classical,5
zhongruan_r5_s004,zhongruan_r5,7,Zhongruan,7,Classical,5
zhongruan_r5_s005,zhongruan_r5,7,Zhongruan,7,Classical,5
zhongruan_r5_s006,zhongruan_r5,7,Zhongruan,7,Classical,5
zhongruan_r5_s007,zhongruan_r5,7,Zhongruan,7,Classical,5
zhongruan_r5_s008,zhongruan_r5,7,Zhongruan,7,Classical,5
zhongruan_r5_s009,zhongruan_r5,7,Zhongruan,7,Classical,5
zhongruan_r5_s010,zhongruan_r5,7,Zhongruan,7,Classical,5
zhongruan_r5_s011,zhongruan_r5,7,Zhongruan,7,Classical,5
zhongruan_r5_s012,zhongruan_r5,7,Zhongruan,7,Classical,5
zhongruan_r5_s013,zhongruan_r5,7,Zhongruan,7,Classical,5
zhongruan_r5_s014,zhongruan_r5,7,Zhongruan,7,Classical,5
zhongruan_r5_s015,zhongruan_r5,7,Zhongruan,7,Classical,5
zhongruan_r5_s016,zhongruan_r5,7,Zhongruan,7,Classical,5
zhongruan_r5_s017,zhongruan_r5,7,Zhongruan,7,Classical,5
zhongruan_r5_s018,zhongruan_r5,7,Zhongruan,7,Classical,5
zhongruan_r5_s019,zhongruan_r5,7,Zhongruan,7,Classical,5
zhongruan_r5_s020,zhongruan_r5,7,Zhongruan,7,Classical,5
liuqin_r5_s001,liuqin_r5,8,Liuqin,8,Classical,5
liuqin_r5_s002,liuqin_r5,8,Liuqin,8,Classical,5
liuqin_r5_s003,liuqin_r5,8,Liuqin,8,Classical,5
liuqin_r5_s004,liuqin_r5,8,Liuqin,8,Classical,5
liuqin_r5_s005,liuqin_r5,8,Liuqin,8,Classical,5
liuqin_r5_s006,liuqin_r5,8,Liuqin,8,Classical,5
liuqin_r5_s007,liuqin_r5,8,Liuqin,8,Classical,5
guzheng_r5_s001,guzheng_r5,9,Guzheng,9,Classical,5
guzheng_r5_s002,guzheng_r5,9,Guzheng,9,Classical,5
guzheng_r5_s003,guzheng_r5,9,Guzheng,9,Classical,5
guzheng_r5_s004,guzheng_r5,9,Guzheng,9,Classical,5
guzheng_r5_s005,guzheng_r5,9,Guzheng,9,Classical,5
guzheng_r5_s006,guzheng_r5,9,Guzheng,9,Classical,5
guzheng_r5_s007,guzheng_r5,9,Guzheng,9,Classical,5
guzheng_r5_s008,guzheng_r5,9,Guzheng,9,Classical,5
guzheng_r5_s009,guzheng_r5,9,Guzheng,9,Classical,5
guzheng_r5_s010,guzheng_r5,9,Guzheng,9,Classical,5
guzheng_r5_s011,guzheng_r5,9,Guzheng,9,Classical,5
guzheng_r5_s012,guzheng_r5,9,Guzheng,9,Classical,5
guzheng_r5_s013,guzheng_r5,9,Guzheng,9,Classical,5
guzheng_r5_s014,guzheng_r5,9,Guzheng,9,Classical,5
guzheng_r5_s015,guzheng_r5,9,Guzheng,9,Classical,5
yangqin_r5_s001,yangqin_r5,10,Yangqin,10,Classical,5
yangqin_r5_s002,yangqin_r5,10,Yangqin,10,Classical,5
yangqin_r5_s003,yangqin_r5,10,Yangqin,9,Classical,5
yangqin_r5_s004,yangqin_r5,10,Yangqin,11,Classical,5
yangqin_r5_s005,yangqin_r5,10,Yangqin,10,Classical,5
yangqin_r5_s006,yangqin_r5,10,Yangqin,3,Classical,5
yangqin_r5_s007,yangqin_r5,10,Yangqin,10,Classical,5
yangqin_r5_s008,yangqin_r5,10,Yangqin,3,Classical,5
yangqin_r5_s009,yangqin_r5,10,Yangqin,3,Classical,5
yangqin_r5_s010,yangqin_r5,10,Yangqin,10,Classical,5
yangqin_r5_s011,yangqin_r5,10,Yangqin,9,Classical,5
yangqin_r5_s012,yangqin_r5,10,Yangqin,10,Classical,5
yangqin_r5_s013,yangqin_r5,10,Yangqin,10,Classical,5
yangqin_r5_s014,yangqin_r5,10,Yangqin,10,Classical,5
sheng_r5_s001,sheng_r5,11,Sheng,2,Classical,5
sheng_r5_s002,sheng_r5,11,Sheng,2,Classical,5
sheng_r5_s003,sheng_r5,11,Sheng,6,Classical,5
sheng_r5_s004,sheng_r5,11,Sheng,11,Classical,5
sheng_r5_s005,sheng_r5,11,Sheng,11,Classical,5
sheng_r5_s006,sheng_r5,11,Sheng,11,Classical,5
sheng_r5_s007,sheng_r5,11,Sheng,2,Classical,5
sheng_r5_s008,sheng_r5,11,Sheng,11,Classical,5
sheng_r5_s009,sheng_r5,11,Sheng,11,Classical,5
sheng_r5_s010,sheng_r5,11,Sheng,11,Classical,5
sheng_r5_s011,sheng_r5,11,Sheng,11,Classical,5
sheng_r5_s012,sheng_r5,11,Sheng,11,Classical,5
sheng_r5_s013,sheng_r5,11,Sheng,11,Classical,5
sheng_r5_s014,sheng_r5,11,Sheng,11,Classical,5
sheng_r5_s015,sheng_r5,11,Sheng,11,Classical,5
sheng_r5_s016,sheng_r5,11,Sheng,11,Classical,5
sheng_r5_s017,sheng_r5,11,Sheng,11,Classical,5
sheng_r5_s018,sheng_r5,11,Sheng,8,Classical,5
sheng_r5_s019,sheng_r5,11,Sheng,11,Classical,5
sheng_r5_s020,sheng_r5,11,Sheng,8,Classical,5
sheng_r5_s021,sheng_r5,11,Sheng,8,Classical,5
sheng_r5_s022,sheng_r5,11,Sheng,5,Classical,5
sheng_r5_s023,sheng_r5,11,Sheng,11,Classical,5
sheng_r5_s024,sheng_r5,11,Sheng,11,Classical,5
sheng_r5_s025,sheng_r5,11,Sheng,11,Classical,5
sheng_r5_s026,sheng_r5,11,Sheng,11,Classical,5
erhu_r1_s001,erhu_r1,1,Erhu,1,MERT-v1-95M,1
erhu_r1_s002,erhu_r1,1,Erhu,1,MERT-v1-95M,1
erhu_r1_s003,erhu_r1,1,Erhu,1,MERT-v1-95M,1
erhu_r1_s004,erhu_r1,1,Erhu,1,MERT-v1-95M,1
erhu_r1_s005,erhu_r1,1,Erhu,9,MERT-v1-95M,1
erhu_r1_s006,erhu_r1,1,Erhu,1,MERT-v1-95M,1
erhu_r1_s007,erhu_r1,1,Erhu,1,MERT-v1-95M,1
erhu_r1_s008,erhu_r1,1,Erhu,1,MERT-v1-95M,1
erhu_r1_s009,erhu_r1,1,Erhu,1,MERT-v1-95M,1
erhu_r1_s010,erhu_r1,1,Erhu,1,MERT-v1-95M,1
erhu_r1_s011,erhu_r1,1,Erhu,1,MERT-v1-95M,1
erhu_r1_s012,erhu_r1,1,Erhu,1,MERT-v1-95M,1
erhu_r1_s013,erhu_r1,1,Erhu,1,MERT-v1-95M,1
erhu_r1_s014,erhu_r1,1,Erhu,1,MERT-v1-95M,1
erhu_r1_s015,erhu_r1,1,Erhu,1,MERT-v1-95M,1
erhu_r1_s016,erhu_r1,1,Erhu,1,MERT-v1-95M,1
erhu_r1_s017,erhu_r1,1,Erhu,1,MERT-v1-95M,1
erhu_r1_s018,erhu_r1,1,Erhu,1,MERT-v1-95M,1
erhu_r1_s019,erhu_r1,1,Erhu,1,MERT-v1-95M,1
erhu_r1_s020,erhu_r1,1,Erhu,1,MERT-v1-95M,1
erhu_r1_s021,erhu_r1,1,Erhu,1,MERT-v1-95M,1
erhu_r1_s022,erhu_r1,1,Erhu,1,MERT-v1-95M,1
erhu_r1_s023,erhu_r1,1,Erhu,1,MERT-v1-95M,1
erhu_r1_s024,erhu_r1,1,Erhu,1,MERT-v1-95M,1
erhu_r1_s025,erhu_r1,1,Erhu,1,MERT-v1-95M,1
erhu_r1_s026,erhu_r1,1,Erhu,1,MERT-v1-95M,1
pipa_r1_s001,pipa_r1,2,Pipa,2,MERT-v1-95M,1
pipa_r1_s002,pipa_r1,2,Pipa,2,MERT-v1-95M,1
pipa_r1_s003,pipa_r1,2,Pipa,2,MERT-v1-95M,1
pipa_r1_s004,pipa_r1,2,Pipa,2,MERT-v1-95M,1
pipa_r1_s005,pipa_r1,2,Pipa,2,MERT-v1-95M,1
pipa_r1_s006,pipa_r1,2,Pipa,2,MERT-v1-95M,1
pipa_r1_s007,pipa_r1,2,Pipa,2,MERT-v1-95M,1
pipa_r1_s008,pipa_r1,2,Pipa,2,MERT-v1-95M,1
pipa_r1_s009,pipa_r1,2,Pipa,9,MERT-v1-95M,1
pipa_r1_s010,pipa_r1,2,Pipa,2,MERT-v1-95M,1
pipa_r1_s011,pipa_r1,2,Pipa,2,MERT-v1-95M,1
pipa_r1_s012,pipa_r1,2,Pipa,2,MERT-v1-95M,1
pipa_r1_s013,pipa_r1,2,Pipa,2,MERT-v1-95M,1
pipa_r1_s014,pipa_r1,2,Pipa,2,MERT-v1-95M,1
pipa_r1_s015,pipa_r1,2,Pipa,2,MERT-v1-95M,1
pipa_r1_s016,pipa_r1,2,Pipa,2,MERT-v1-95M,1
pipa_r1_s017,pipa_r1,2,Pipa,2,MERT-v1-95M,1
pipa_r1_s018,pipa_r1,2,Pipa,2,MERT-v1-95M,1
sanxian_r1_s001,sanxian_r1,3,Sanxian,3,MERT-v1-95M,1
sanxian_r1_s002,sanxian_r1,3,Sanxian,3,MERT-v1-95M,1
sanxian_r1_s003,sanxian_r1,3,Sanxian,3,MERT-v1-95M,1
sanxian_r1_s004,sanxian_r1,3,Sanxian,3,MERT-v1-95M,1
sanxian_r1_s005,sanxian_r1,3,Sanxian,3,MERT-v1-95M,1
sanxian_r1_s006,sanxian_r1,3,Sanxian,3,MERT-v1-95M,1
dizi_r1_s001,dizi_r1,4,Dizi,4,MERT-v1-95M,1
dizi_r1_s002,dizi_r1,4,Dizi,4,MERT-v1-95M,1
dizi_r1_s003,dizi_r1,4,Dizi,4,MERT-v1-95M,1
dizi_r1_s004,dizi_r1,4,Dizi,4,MERT-v1-95M,1
dizi_r1_s005,dizi_r1,4,Dizi,4,MERT-v1-95M,1
dizi_r1_s006,dizi_r1,4,Dizi,4,MERT-v1-95M,1
dizi_r1_s007,dizi_r1,4,Dizi,4,MERT-v1-95M,1
dizi_r1_s008,dizi_r1,4,Dizi,4,MERT-v1-95M,1
dizi_r1_s009,dizi_r1,4,Dizi,4,MERT-v1-95M,1
dizi_r1_s010,dizi_r1,4,Dizi,4,MERT-v1-95M,1
dizi_r1_s011,dizi_r1,4,Dizi,4,MERT-v1-95M,1
dizi_r1_s012,dizi_r1,4,Dizi,4,MERT-v1-95M,1
dizi_r1_s013,dizi_r1,4,Dizi,4,MERT-v1-95M,1
dizi_r1_s014,dizi_r1,4,Dizi,4,MERT-v1-95M,1
dizi_r1_s015,dizi_r1,4,Dizi,4,MERT-v1-95M,1
dizi_r1_s016,dizi_r1,4,Dizi,4,MERT-v1-95M,1
dizi_r1_s017,dizi_r1,4,Dizi,4,MERT-v1-95M,1
dizi_r1_s018,dizi_r1,4,Dizi,4,MERT-v1-95M,1
dizi_r1_s019,dizi_r1,4,Dizi,4,MERT-v1-95M,1
dizi_r1_s020,dizi_r1,4,Dizi,4,MERT-v1-95M,1
dizi_r1_s021,dizi_r1,4,Dizi,4,MERT-v1-95M,1
dizi_r1_s022,dizi_r1,4,Dizi,4,MERT-v1-95M,1
suona_r1_s001,suona_r1,5,Suona,4,MERT-v1-95M,1
suona_r1_s002,suona_r1,5,Suona,5,MERT-v1-95M,1
suona_r1_s003,suona_r1,5,Suona,5,MERT-v1-95M,1
suona_r1_s004,suona_r1,5,Suona,5,MERT-v1-95M,1
suona_r1_s005,suona_r1,5,Suona,5,MERT-v1-95M,1
suona_r1_s006,suona_r1,5,Suona,5,MERT-v1-95M,1
suona_r1_s007,suona_r1,5,Suona,5,MERT-v1-95M,1
zhuiqin_r1_s001,zhuiqin_r1,6,Zhuiqin,6,MERT-v1-95M,1
zhuiqin_r1_s002,zhuiqin_r1,6,Zhuiqin,6,MERT-v1-95M,1
zhuiqin_r1_s003,zhuiqin_r1,6,Zhuiqin,6,MERT-v1-95M,1
zhuiqin_r1_s004,zhuiqin_r1,6,Zhuiqin,6,MERT-v1-95M,1
zhuiqin_r1_s005,zhuiqin_r1,6,Zhuiqin,6,MERT-v1-95M,1
zhuiqin_r1_s006,zhuiqin_r1,6,Zhuiqin,6,MERT-v1-95M,1
zhuiqin_r1_s007,zhuiqin_r1,6,Zhuiqin,6,MERT-v1-95M,1
zhuiqin_r1_s008,zhuiqin_r1,6,Zhuiqin,6,MERT-v1-95M,1
zhuiqin_r1_s009,zhuiqin_r1,6,Zhuiqin,6,MERT-v1-95M,1
zhuiqin_r1_s010,zhuiqin_r1,6,Zhuiqin,6,MERT-v1-95M,1
zhuiqin_r1_s011,zhuiqin_r1,6,Zhuiqin,6,MERT-v1-95M,1
zhuiqin_r1_s012,zhuiqin_r1,6,Zhuiqin,6,MERT-v1-95M,1
zhuiqin_r1_s013,zhuiqin_r1,6,Zhuiqin,6,MERT-v1-95M,1
zhuiqin_r1_s014,zhuiqin_r1,6,Zhuiqin,6,MERT-v1-95M,1
zhuiqin_r1_s015,zhuiqin_r1,6,Zhuiqin,6,MERT-v1-95M,1
zhuiqin_r1_s016,zhuiqin_r1,6,Zhuiqin,6,MERT-v1-95M,1
zhuiqin_r1_s017,zhuiqin_r1,6,Zhuiqin,6,MERT-v1-95M,1
zhuiqin_r1_s018,zhuiqin_r1,6,Zhuiqin,6,MERT-v1-95M,1
zhongruan_r1_s001,zhongruan_r1,7,Zhongruan,7,MERT-v1-95M,1
zhongruan_r1_s002,zhongruan_r1,7,Zhongruan,7,MERT-v1-95M,1
zhongruan_r1_s003,zhongruan_r1,7,Zhongruan,7,MERT-v1-95M,1
zhongruan_r1_s004,zhongruan_r1,7,Zhongruan,7,MERT-v1-95M,1
zhongruan_r1_s005,zhongruan_r1,7,Zhongruan,7,MERT-v1-95M,1
zhongruan_r1_s006,zhongruan_r1,7,Zhongruan,7,MERT-v1-95M,1
zhongruan_r1_s007,zhongruan_r1,7,Zhongruan,7,MERT-v1-95M,1
zhongruan_r1_s008,zhongruan_r1,7,Zhongruan,7,MERT-v1-95M,1
zhongruan_r1_s009,zhongruan_r1,7,Zhongruan,7,MERT-v1-95M,1
zhongruan_r1_s010,zhongruan_r1,7,Zhongruan,7,MERT-v1-95M,1
zhongruan_r1_s011,zhongruan_r1,7,Zhongruan,7,MERT-v1-95M,1
zhongruan_r1_s012,zhongruan_r1,7,Zhongruan,7,MERT-v1-95M,1
zhongruan_r1_s013,zhongruan_r1,7,Zhongruan,7,MERT-v1-95M,1
zhongruan_r1_s014,zhongruan_r1,7,Zhongruan,7,MERT-v1-95M,1
zhongruan_r1_s015,zhongruan_r1,7,Zhongruan,7,MERT-v1-95M,1
zhongruan_r1_s016,zhongruan_r1,7,Zhongruan,7,MERT-v1-95M,1
zhongruan_r1_s017,zhongruan_r1,7,Zhongruan,7,MERT-v1-95M,1
zhongruan_r1_s018,zhongruan_r1,7,Zhongruan,7,MERT-v1-95M,1
liuqin_r1_s001,liuqin_r1,8,Liuqin,8,MERT-v1-95M,1
liuqin_r1_s002,liuqin_r1,8,Liuqin,8,MERT-v1-95M,1
liuqin_r1_s003,liuqin_r1,8,Liuqin,8,MERT-v1-95M,1
liuqin_r1_s004,liuqin_r1,8,Liuqin,8,MERT-v1-95M,1
liuqin_r1_s005,liuqin_r1,8,Liuqin,8,MERT-v1-95M,1
liuqin_r1_s006,liuqin_r1,8,Liuqin,8,MERT-v1-95M,1
liuqin_r1_s007,liuqin_r1,8,Liuqin,8,MERT-v1-95M,1
liuqin_r1_s008,liuqin_r1,8,Liuqin,8,MERT-v1-95M,1
liuqin_r1_s009,liuqin_r1,8,Liuqin,8,MERT-v1-95M,1
liuqin_r1_s010,liuqin_r1,8,Liuqin,8,MERT-v1-95M,1
liuqin_r1_s011,liuqin_r1,8,Liuqin,8,MERT-v1-95M,1
liuqin_r1_s012,liuqin_r1,8,Liuqin,8,MERT-v1-95M,1
guzheng_r1_s001,guzheng_r1,9,Guzheng,9,MERT-v1-95M,1
guzheng_r1_s002,guzheng_r1,9,Guzheng,9,MERT-v1-95M,1
guzheng_r1_s003,guzheng_r1,9,Guzheng,9,MERT-v1-95M,1
guzheng_r1_s004,guzheng_r1,9,Guzheng,9,MERT-v1-95M,1
guzheng_r1_s005,guzheng_r1,9,Guzheng,9,MERT-v1-95M,1
guzheng_r1_s006,guzheng_r1,9,Guzheng,9,MERT-v1-95M,1
guzheng_r1_s007,guzheng_r1,9,Guzheng,9,MERT-v1-95M,1
guzheng_r1_s008,guzheng_r1,9,Guzheng,9,MERT-v1-95M,1
guzheng_r1_s009,guzheng_r1,9,Guzheng,9,MERT-v1-95M,1
guzheng_r1_s010,guzheng_r1,9,Guzheng,9,MERT-v1-95M,1
guzheng_r1_s011,guzheng_r1,9,Guzheng,8,MERT-v1-95M,1
guzheng_r1_s012,guzheng_r1,9,Guzheng,8,MERT-v1-95M,1
guzheng_r1_s013,guzheng_r1,9,Guzheng,9,MERT-v1-95M,1
guzheng_r1_s014,guzheng_r1,9,Guzheng,9,MERT-v1-95M,1
guzheng_r1_s015,guzheng_r1,9,Guzheng,10,MERT-v1-95M,1
guzheng_r1_s016,guzheng_r1,9,Guzheng,9,MERT-v1-95M,1
guzheng_r1_s017,guzheng_r1,9,Guzheng,9,MERT-v1-95M,1
guzheng_r1_s018,guzheng_r1,9,Guzheng,9,MERT-v1-95M,1
guzheng_r1_s019,guzheng_r1,9,Guzheng,9,MERT-v1-95M,1
guzheng_r1_s020,guzheng_r1,9,Guzheng,9,MERT-v1-95M,1
guzheng_r1_s021,guzheng_r1,9,Guzheng,8,MERT-v1-95M,1
guzheng_r1_s022,guzheng_r1,9,Guzheng,9,MERT-v1-95M,1
guzheng_r1_s023,guzheng_r1,9,Guzheng,9,MERT-v1-95M,1
guzheng_r1_s024,guzheng_r1,9,Guzheng,9,MERT-v1-95M,1
guzheng_r1_s025,guzheng_r1,9,Guzheng,9,MERT-v1-95M,1
guzheng_r1_s026,guzheng_r1,9,Guzheng,9,MERT-v1-95M,1
guzheng_r1_s027,guzheng_r1,9,Guzheng,9,MERT-v1-95M,1
guzheng_r1_s028,guzheng_r1,9,Guzheng,9,MERT-v1-95M,1
guzheng_r1_s029,guzheng_r1,9,Guzheng,9,MERT-v1-95M,1
guzheng_r1_s030,guzheng_r1,9,Guzheng,9,MERT-v1-95M,1
guzheng_r1_s031,guzheng_r1,9,Guzheng,9,MERT-v1-95M,1
guzheng_r1_s032,guzheng_r1,9,Guzheng,9,MERT-v1-95M,1
yangqin_r1_s001,yangqin_r1,10,Yangqin,10,MERT-v1-95M,1
yangqin_r1_s002,yangqin_r1,10,Yangqin,10,MERT-v1-95M,1
yangqin_r1_s003,yangqin_r1,10,Yangqin,10,MERT-v1-95M,1
yangqin_r1_s004,yangqin_r1,10,Yangqin,10,MERT-v1-95M,1
yangqin_r1_s005,yangqin_r1,10,Yangqin,10,MERT-v1-95M,1
yangqin_r1_s006,yangqin_r1,10,Yangqin,10,MERT-v1-95M,1
yangqin_r1_s007,yangqin_r1,10,Yangqin,10,MERT-v1-95M,1
yangqin_r1_s008,yangqin_r1,10,Yangqin,10,MERT-v1-95M,1
yangqin_r1_s009,yangqin_r1,10,Yangqin,10,MERT-v1-95M,1
yangqin_r1_s010,yangqin_r1,10,Yangqin,10,MERT-v1-95M,1
yangqin_r1_s011,yangqin_r1,10,Yangqin,10,MERT-v1-95M,1
yangqin_r1_s012,yangqin_r1,10,Yangqin,10,MERT-v1-95M,1
yangqin_r1_s013,yangqin_r1,10,Yangqin,10,MERT-v1-95M,1
yangqin_r1_s014,yangqin_r1,10,Yangqin,10,MERT-v1-95M,1
sheng_r1_s001,sheng_r1,11,Sheng,11,MERT-v1-95M,1
sheng_r1_s002,sheng_r1,11,Sheng,11,MERT-v1-95M,1
sheng_r1_s003,sheng_r1,11,Sheng,11,MERT-v1-95M,1
sheng_r1_s004,sheng_r1,11,Sheng,11,MERT-v1-95M,1
sheng_r1_s005,sheng_r1,11,Sheng,11,MERT-v1-95M,1
sheng_r1_s006,sheng_r1,11,Sheng,11,MERT-v1-95M,1
sheng_r1_s007,sheng_r1,11,Sheng,11,MERT-v1-95M,1
sheng_r1_s008,sheng_r1,11,Sheng,11,MERT-v1-95M,1
sheng_r1_s009,sheng_r1,11,Sheng,11,MERT-v1-95M,1
sheng_r1_s010,sheng_r1,11,Sheng,11,MERT-v1-95M,1
sheng_r1_s011,sheng_r1,11,Sheng,11,MERT-v1-95M,1
sheng_r1_s012,sheng_r1,11,Sheng,11,MERT-v1-95M,1
sheng_r1_s013,sheng_r1,11,Sheng,11,MERT-v1-95M,1
sheng_r1_s014,sheng_r1,11,Sheng,11,MERT-v1-95M,1
sheng_r1_s015,sheng_r1,11,Sheng,11,MERT-v1-95M,1
sheng_r1_s016,sheng_r1,11,Sheng,11,MERT-v1-95M,1
sheng_r1_s017,sheng_r1,11,Sheng,11,MERT-v1-95M,1
sheng_r1_s018,sheng_r1,11,Sheng,11,MERT-v1-95M,1
sheng_r1_s019,sheng_r1,11,Sheng,11,MERT-v1-95M,1
sheng_r1_s020,sheng_r1,11,Sheng,11,MERT-v1-95M,1
sheng_r1_s021,sheng_r1,11,Sheng,11,MERT-v1-95M,1
sheng_r1_s022,sheng_r1,11,Sheng,11,MERT-v1-95M,1
sheng_r1_s023,sheng_r1,11,Sheng,11,MERT-v1-95M,1
sheng_r1_s024,sheng_r1,11,Sheng,11,MERT-v1-95M,1
sheng_r1_s025,sheng_r1,11,Sheng,11,MERT-v1-95M,1
sheng_r1_s026,sheng_r1,11,Sheng,11,MERT-v1-95M,1
sheng_r1_s027,sheng_r1,11,Sheng,11,MERT-v1-95M,1
sheng_r1_s028,sheng_r1,11,Sheng,11,MERT-v1-95M,1
sheng_r1_s029,sheng_r1,11,Sheng,11,MERT-v1-95M,1
sheng_r1_s030,sheng_r1,11,Sheng,11,MERT-v1-95M,1
sheng_r1_s031,sheng_r1,11,Sheng,11,MERT-v1-95M,1
sheng_r1_s032,sheng_r1,11,Sheng,11,MERT-v1-95M,1
sheng_r1_s033,sheng_r1,11,Sheng,11,MERT-v1-95M,1
sheng_r1_s034,sheng_r1,11,Sheng,11,MERT-v1-95M,1
sheng_r1_s035,sheng_r1,11,Sheng,11,MERT-v1-95M,1
sheng_r1_s036,sheng_r1,11,Sheng,11,MERT-v1-95M,1
sheng_r1_s037,sheng_r1,11,Sheng,11,MERT-v1-95M,1
sheng_r1_s038,sheng_r1,11,Sheng,11,MERT-v1-95M,1
sheng_r1_s039,sheng_r1,11,Sheng,11,MERT-v1-95M,1
sheng_r1_s040,sheng_r1,11,Sheng,11,MERT-v1-95M,1
sheng_r1_s041,sheng_r1,11,Sheng,11,MERT-v1-95M,1
sheng_r1_s042,sheng_r1,11,Sheng,11,MERT-v1-95M,1
sheng_r1_s043,sheng_r1,11,Sheng,11,MERT-v1-95M,1
sheng_r1_s044,sheng_r1,11,Sheng,11,MERT-v1-95M,1
sheng_r1_s045,sheng_r1,11,Sheng,11,MERT-v1-95M,1
sheng_r1_s046,sheng_r1,11,Sheng,11,MERT-v1-95M,1
sheng_r1_s047,sheng_r1,11,Sheng,11,MERT-v1-95M,1
sheng_r1_s048,sheng_r1,11,Sheng,11,MERT-v1-95M,1
sheng_r1_s049,sheng_r1,11,Sheng,11,MERT-v1-95M,1
sheng_r1_s050,sheng_r1,11,Sheng,11,MERT-v1-95M,1
sheng_r1_s051,sheng_r1,11,Sheng,11,MERT-v1-95M,1
erhu_r2_s001,erhu_r2,1,Erhu,1,MERT-v1-95M,2
erhu_r2_s002,erhu_r2,1,Erhu,1,MERT-v1-95M,2
erhu_r2_s003,erhu_r2,1,Erhu,1,MERT-v1-95M,2
erhu_r2_s004,erhu_r2,1,Erhu,1,MERT-v1-95M,2
erhu_r2_s005,erhu_r2,1,Erhu,1,MERT-v1-95M,2
erhu_r2_s006,erhu_r2,1,Erhu,1,MERT-v1-95M,2
erhu_r2_s007,erhu_r2,1,Erhu,1,MERT-v1-95M,2
erhu_r2_s008,erhu_r2,1,Erhu,1,MERT-v1-95M,2
erhu_r2_s009,erhu_r2,1,Erhu,1,MERT-v1-95M,2
erhu_r2_s010,erhu_r2,1,Erhu,1,MERT-v1-95M,2
erhu_r2_s011,erhu_r2,1,Erhu,1,MERT-v1-95M,2
erhu_r2_s012,erhu_r2,1,Erhu,1,MERT-v1-95M,2
erhu_r2_s013,erhu_r2,1,Erhu,1,MERT-v1-95M,2
erhu_r2_s014,erhu_r2,1,Erhu,1,MERT-v1-95M,2
erhu_r2_s015,erhu_r2,1,Erhu,1,MERT-v1-95M,2
erhu_r2_s016,erhu_r2,1,Erhu,1,MERT-v1-95M,2
erhu_r2_s017,erhu_r2,1,Erhu,1,MERT-v1-95M,2
erhu_r2_s018,erhu_r2,1,Erhu,1,MERT-v1-95M,2
pipa_r2_s001,pipa_r2,2,Pipa,2,MERT-v1-95M,2
pipa_r2_s002,pipa_r2,2,Pipa,2,MERT-v1-95M,2
pipa_r2_s003,pipa_r2,2,Pipa,2,MERT-v1-95M,2
pipa_r2_s004,pipa_r2,2,Pipa,2,MERT-v1-95M,2
pipa_r2_s005,pipa_r2,2,Pipa,2,MERT-v1-95M,2
pipa_r2_s006,pipa_r2,2,Pipa,2,MERT-v1-95M,2
pipa_r2_s007,pipa_r2,2,Pipa,2,MERT-v1-95M,2
pipa_r2_s008,pipa_r2,2,Pipa,2,MERT-v1-95M,2
pipa_r2_s009,pipa_r2,2,Pipa,2,MERT-v1-95M,2
pipa_r2_s010,pipa_r2,2,Pipa,2,MERT-v1-95M,2
pipa_r2_s011,pipa_r2,2,Pipa,2,MERT-v1-95M,2
sanxian_r2_s001,sanxian_r2,3,Sanxian,3,MERT-v1-95M,2
sanxian_r2_s002,sanxian_r2,3,Sanxian,3,MERT-v1-95M,2
sanxian_r2_s003,sanxian_r2,3,Sanxian,3,MERT-v1-95M,2
sanxian_r2_s004,sanxian_r2,3,Sanxian,3,MERT-v1-95M,2
sanxian_r2_s005,sanxian_r2,3,Sanxian,3,MERT-v1-95M,2
sanxian_r2_s006,sanxian_r2,3,Sanxian,3,MERT-v1-95M,2
sanxian_r2_s007,sanxian_r2,3,Sanxian,3,MERT-v1-95M,2
sanxian_r2_s008,sanxian_r2,3,Sanxian,3,MERT-v1-95M,2
sanxian_r2_s009,sanxian_r2,3,Sanxian,3,MERT-v1-95M,2
sanxian_r2_s010,sanxian_r2,3,Sanxian,3,MERT-v1-95M,2
dizi_r2_s001,dizi_r2,4,Dizi,4,MERT-v1-95M,2
dizi_r2_s002,dizi_r2,4,Dizi,4,MERT-v1-95M,2
dizi_r2_s003,dizi_r2,4,Dizi,4,MERT-v1-95M,2
dizi_r2_s004,dizi_r2,4,Dizi,4,MERT-v1-95M,2
dizi_r2_s005,dizi_r2,4,Dizi,4,MERT-v1-95M,2
dizi_r2_s006,dizi_r2,4,Dizi,4,MERT-v1-95M,2
dizi_r2_s007,dizi_r2,4,Dizi,4,MERT-v1-95M,2
dizi_r2_s008,dizi_r2,4,Dizi,4,MERT-v1-95M,2
dizi_r2_s009,dizi_r2,4,Dizi,4,MERT-v1-95M,2
dizi_r2_s010,dizi_r2,4,Dizi,4,MERT-v1-95M,2
dizi_r2_s011,dizi_r2,4,Dizi,4,MERT-v1-95M,2
dizi_r2_s012,dizi_r2,4,Dizi,4,MERT-v1-95M,2
dizi_r2_s013,dizi_r2,4,Dizi,4,MERT-v1-95M,2
dizi_r2_s014,dizi_r2,4,Dizi,4,MERT-v1-95M,2
dizi_r2_s015,dizi_r2,4,Dizi,4,MERT-v1-95M,2
dizi_r2_s016,dizi_r2,4,Dizi,4,MERT-v1-95M,2
dizi_r2_s017,dizi_r2,4,Dizi,4,MERT-v1-95M,2
dizi_r2_s018,dizi_r2,4,Dizi,4,MERT-v1-95M,2
dizi_r2_s019,dizi_r2,4,Dizi,4,MERT-v1-95M,2
dizi_r2_s020,dizi_r2,4,Dizi,4,MERT-v1-95M,2
suona_r2_s001,suona_r2,5,Suona,5,MERT-v1-95M,2
suona_r2_s002,suona_r2,5,Suona,5,MERT-v1-95M,2
suona_r2_s003,suona_r2,5,Suona,5,MERT-v1-95M,2
suona_r2_s004,suona_r2,5,Suona,5,MERT-v1-95M,2
suona_r2_s005,suona_r2,5,Suona,5,MERT-v1-95M,2
zhuiqin_r2_s001,zhuiqin_r2,6,Zhuiqin,6,MERT-v1-95M,2
zhuiqin_r2_s002,zhuiqin_r2,6,Zhuiqin,6,MERT-v1-95M,2
zhuiqin_r2_s003,zhuiqin_r2,6,Zhuiqin,6,MERT-v1-95M,2
zhuiqin_r2_s004,zhuiqin_r2,6,Zhuiqin,6,MERT-v1-95M,2
zhuiqin_r2_s005,zhuiqin_r2,6,Zhuiqin,6,MERT-v1-95M,2
zhuiqin_r2_s006,zhuiqin_r2,6,Zhuiqin,6,MERT-v1-95M,2
zhuiqin_r2_s007,zhuiqin_r2,6,Zhuiqin,6,MERT-v1-95M,2
zhuiqin_r2_s008,zhuiqin_r2,6,Zhuiqin,6,MERT-v1-95M,2
zhuiqin_r2_s009,zhuiqin_r2,6,Zhuiqin,6,MERT-v1-95M,2
zhuiqin_r2_s010,zhuiqin_r2,6,Zhuiqin,6,MERT-v1-95M,2
zhuiqin_r2_s011,zhuiqin_r2,6,Zhuiqin,6,MERT-v1-95M,2
zhuiqin_r2_s012,zhuiqin_r2,6,Zhuiqin,6,MERT-v1-95M,2
zhuiqin_r2_s013,zhuiqin_r2,6,Zhuiqin,6,MERT-v1-95M,2
zhuiqin_r2_s014,zhuiqin_r2,6,Zhuiqin,6,MERT-v1-95M,2
zhuiqin_r2_s015,zhuiqin_r2,6,Zhuiqin,6,MERT-v1-95M,2
zhuiqin_r2_s016,zhuiqin_r2,6,Zhuiqin,6,MERT-v1-95M,2
zhuiqin_r2_s017,zhuiqin_r2,6,Zhuiqin,6,MERT-v1-95M,2
zhongruan_r2_s001,zhongruan_r2,7,Zhongruan,7,MERT-v1-95M,2
zhongruan_r2_s002,zhongruan_r2,7,Zhongruan,7,MERT-v1-95M,2
zhongruan_r2_s003,zhongruan_r2,7,Zhongruan,7,MERT-v1-95M,2
zhongruan_r2_s004,zhongruan_r2,7,Zhongruan,7,MERT-v1-95M,2
zhongruan_r2_s005,zhongruan_r2,7,Zhongruan,7,MERT-v1-95M,2
zhongruan_r2_s006,zhongruan_r2,7,Zhongruan,7,MERT-v1-95M,2
zhongruan_r2_s007,zhongruan_r2,7,Zhongruan,7,MERT-v1-95M,2
zhongruan_r2_s008,zhongruan_r2,7,Zhongruan,7,MERT-v1-95M,2
zhongruan_r2_s009,zhongruan_r2,7,Zhongruan,7,MERT-v1-95M,2
zhongruan_r2_s010,zhongruan_r2,7,Zhongruan,7,MERT-v1-95M,2
zhongruan_r2_s011,zhongruan_r2,7,Zhongruan,7,MERT-v1-95M,2
zhongruan_r2_s012,zhongruan_r2,7,Zhongruan,7,MERT-v1-95M,2
zhongruan_r2_s013,zhongruan_r2,7,Zhongruan,7,MERT-v1-95M,2
zhongruan_r2_s014,zhongruan_r2,7,Zhongruan,7,MERT-v1-95M,2
liuqin_r2_s001,liuqin_r2,8,Liuqin,8,MERT-v1-95M,2
liuqin_r2_s002,liuqin_r2,8,Liuqin,8,MERT-v1-95M,2
liuqin_r2_s003,liuqin_r2,8,Liuqin,8,MERT-v1-95M,2
liuqin_r2_s004,liuqin_r2,8,Liuqin,8,MERT-v1-95M,2
liuqin_r2_s005,liuqin_r2,8,Liuqin,8,MERT-v1-95M,2
liuqin_r2_s006,liuqin_r2,8,Liuqin,8,MERT-v1-95M,2
liuqin_r2_s007,liuqin_r2,8,Liuqin,8,MERT-v1-95M,2
liuqin_r2_s008,liuqin_r2,8,Liuqin,8,MERT-v1-95M,2
liuqin_r2_s009,liuqin_r2,8,Liuqin,8,MERT-v1-95M,2
liuqin_r2_s010,liuqin_r2,8,Liuqin,8,MERT-v1-95M,2
liuqin_r2_s011,liuqin_r2,8,Liuqin,8,MERT-v1-95M,2
liuqin_r2_s012,liuqin_r2,8,Liuqin,8,MERT-v1-95M,2
liuqin_r2_s013,liuqin_r2,8,Liuqin,8,MERT-v1-95M,2
liuqin_r2_s014,liuqin_r2,8,Liuqin,8,MERT-v1-95M,2
liuqin_r2_s015,liuqin_r2,8,Liuqin,8,MERT-v1-95M,2
liuqin_r2_s016,liuqin_r2,8,Liuqin,8,MERT-v1-95M,2
liuqin_r2_s017,liuqin_r2,8,Liuqin,8,MERT-v1-95M,2
liuqin_r2_s018,liuqin_r2,8,Liuqin,8,MERT-v1-95M,2
liuqin_r2_s019,liuqin_r2,8,Liuqin,8,MERT-v1-95M,2
liuqin_r2_s020,liuqin_r2,8,Liuqin,8,MERT-v1-95M,2
liuqin_r2_s021,liuqin_r2,8,Liuqin,8,MERT-v1-95M,2
liuqin_r2_s022,liuqin_r2,8,Liuqin,8,MERT-v1-95M,2
guzheng_r2_s001,guzheng_r2,9,Guzheng,9,MERT-v1-95M,2
guzheng_r2_s002,guzheng_r2,9,Guzheng,9,MERT-v1-95M,2
guzheng_r2_s003,guzheng_r2,9,Guzheng,9,MERT-v1-95M,2
guzheng_r2_s004,guzheng_r2,9,Guzheng,9,MERT-v1-95M,2
guzheng_r2_s005,guzheng_r2,9,Guzheng,9,MERT-v1-95M,2
guzheng_r2_s006,guzheng_r2,9,Guzheng,9,MERT-v1-95M,2
guzheng_r2_s007,guzheng_r2,9,Guzheng,9,MERT-v1-95M,2
guzheng_r2_s008,guzheng_r2,9,Guzheng,9,MERT-v1-95M,2
guzheng_r2_s009,guzheng_r2,9,Guzheng,9,MERT-v1-95M,2
guzheng_r2_s010,guzheng_r2,9,Guzheng,9,MERT-v1-95M,2
guzheng_r2_s011,guzheng_r2,9,Guzheng,9,MERT-v1-95M,2
guzheng_r2_s012,guzheng_r2,9,Guzheng,9,MERT-v1-95M,2
guzheng_r2_s013,guzheng_r2,9,Guzheng,9,MERT-v1-95M,2
guzheng_r2_s014,guzheng_r2,9,Guzheng,9,MERT-v1-95M,2
guzheng_r2_s015,guzheng_r2,9,Guzheng,9,MERT-v1-95M,2
yangqin_r2_s001,yangqin_r2,10,Yangqin,10,MERT-v1-95M,2
yangqin_r2_s002,yangqin_r2,10,Yangqin,10,MERT-v1-95M,2
yangqin_r2_s003,yangqin_r2,10,Yangqin,10,MERT-v1-95M,2
yangqin_r2_s004,yangqin_r2,10,Yangqin,10,MERT-v1-95M,2
yangqin_r2_s005,yangqin_r2,10,Yangqin,10,MERT-v1-95M,2
yangqin_r2_s006,yangqin_r2,10,Yangqin,10,MERT-v1-95M,2
yangqin_r2_s007,yangqin_r2,10,Yangqin,9,MERT-v1-95M,2
yangqin_r2_s008,yangqin_r2,10,Yangqin,10,MERT-v1-95M,2
yangqin_r2_s009,yangqin_r2,10,Yangqin,10,MERT-v1-95M,2
yangqin_r2_s010,yangqin_r2,10,Yangqin,10,MERT-v1-95M,2
sheng_r2_s001,sheng_r2,11,Sheng,11,MERT-v1-95M,2
sheng_r2_s002,sheng_r2,11,Sheng,11,MERT-v1-95M,2
sheng_r2_s003,sheng_r2,11,Sheng,11,MERT-v1-95M,2
sheng_r2_s004,sheng_r2,11,Sheng,11,MERT-v1-95M,2
sheng_r2_s005,sheng_r2,11,Sheng,11,MERT-v1-95M,2
sheng_r2_s006,sheng_r2,11,Sheng,11,MERT-v1-95M,2
sheng_r2_s007,sheng_r2,11,Sheng,11,MERT-v1-95M,2
sheng_r2_s008,sheng_r2,11,Sheng,11,MERT-v1-95M,2
sheng_r2_s009,sheng_r2,11,Sheng,11,MERT-v1-95M,2
sheng_r2_s010,sheng_r2,11,Sheng,11,MERT-v1-95M,2
sheng_r2_s011,sheng_r2,11,Sheng,11,MERT-v1-95M,2
sheng_r2_s012,sheng_r2,11,Sheng,11,MERT-v1-95M,2
sheng_r2_s013,sheng_r2,11,Sheng,11,MERT-v1-95M,2
sheng_r2_s014,sheng_r2,11,Sheng,11,MERT-v1-95M,2
sheng_r2_s015,sheng_r2,11,Sheng,11,MERT-v1-95M,2
sheng_r2_s016,sheng_r2,11,Sheng,11,MERT-v1-95M,2
sheng_r2_s017,sheng_r2,11,Sheng,11,MERT-v1-95M,2
sheng_r2_s018,sheng_r2,11,Sheng,11,MERT-v1-95M,2
sheng_r2_s019,sheng_r2,11,Sheng,11,MERT-v1-95M,2
sheng_r2_s020,sheng_r2,11,Sheng,11,MERT-v1-95M,2
erhu_r3_s001,erhu_r3,1,Erhu,1,MERT-v1-95M,3
erhu_r3_s002,erhu_r3,1,Erhu,1,MERT-v1-95M,3
erhu_r3_s003,erhu_r3,1,Erhu,1,MERT-v1-95M,3
erhu_r3_s004,erhu_r3,1,Erhu,1,MERT-v1-95M,3
erhu_r3_s005,erhu_r3,1,Erhu,1,MERT-v1-95M,3
erhu_r3_s006,erhu_r3,1,Erhu,1,MERT-v1-95M,3
erhu_r3_s007,erhu_r3,1,Erhu,1,MERT-v1-95M,3
erhu_r3_s008,erhu_r3,1,Erhu,1,MERT-v1-95M,3
erhu_r3_s009,erhu_r3,1,Erhu,1,MERT-v1-95M,3
erhu_r3_s010,erhu_r3,1,Erhu,1,MERT-v1-95M,3
erhu_r3_s011,erhu_r3,1,Erhu,1,MERT-v1-95M,3
erhu_r3_s012,erhu_r3,1,Erhu,1,MERT-v1-95M,3
erhu_r3_s013,erhu_r3,1,Erhu,1,MERT-v1-95M,3
erhu_r3_s014,erhu_r3,1,Erhu,1,MERT-v1-95M,3
erhu_r3_s015,erhu_r3,1,Erhu,1,MERT-v1-95M,3
erhu_r3_s016,erhu_r3,1,Erhu,1,MERT-v1-95M,3
erhu_r3_s017,erhu_r3,1,Erhu,1,MERT-v1-95M,3
erhu_r3_s018,erhu_r3,1,Erhu,1,MERT-v1-95M,3
erhu_r3_s019,erhu_r3,1,Erhu,1,MERT-v1-95M,3
erhu_r3_s020,erhu_r3,1,Erhu,1,MERT-v1-95M,3
erhu_r3_s021,erhu_r3,1,Erhu,1,MERT-v1-95M,3
erhu_r3_s022,erhu_r3,1,Erhu,1,MERT-v1-95M,3
erhu_r3_s023,erhu_r3,1,Erhu,1,MERT-v1-95M,3
pipa_r3_s001,pipa_r3,2,Pipa,2,MERT-v1-95M,3
pipa_r3_s002,pipa_r3,2,Pipa,2,MERT-v1-95M,3
pipa_r3_s003,pipa_r3,2,Pipa,2,MERT-v1-95M,3
pipa_r3_s004,pipa_r3,2,Pipa,2,MERT-v1-95M,3
pipa_r3_s005,pipa_r3,2,Pipa,2,MERT-v1-95M,3
pipa_r3_s006,pipa_r3,2,Pipa,2,MERT-v1-95M,3
pipa_r3_s007,pipa_r3,2,Pipa,2,MERT-v1-95M,3
pipa_r3_s008,pipa_r3,2,Pipa,2,MERT-v1-95M,3
pipa_r3_s009,pipa_r3,2,Pipa,2,MERT-v1-95M,3
pipa_r3_s010,pipa_r3,2,Pipa,2,MERT-v1-95M,3
pipa_r3_s011,pipa_r3,2,Pipa,2,MERT-v1-95M,3
pipa_r3_s012,pipa_r3,2,Pipa,2,MERT-v1-95M,3
pipa_r3_s013,pipa_r3,2,Pipa,2,MERT-v1-95M,3
pipa_r3_s014,pipa_r3,2,Pipa,2,MERT-v1-95M,3
pipa_r3_s015,pipa_r3,2,Pipa,2,MERT-v1-95M,3
pipa_r3_s016,pipa_r3,2,Pipa,2,MERT-v1-95M,3
pipa_r3_s017,pipa_r3,2,Pipa,2,MERT-v1-95M,3
pipa_r3_s018,pipa_r3,2,Pipa,2,MERT-v1-95M,3
pipa_r3_s019,pipa_r3,2,Pipa,2,MERT-v1-95M,3
sanxian_r3_s001,sanxian_r3,3,Sanxian,3,MERT-v1-95M,3
sanxian_r3_s002,sanxian_r3,3,Sanxian,3,MERT-v1-95M,3
sanxian_r3_s003,sanxian_r3,3,Sanxian,3,MERT-v1-95M,3
sanxian_r3_s004,sanxian_r3,3,Sanxian,3,MERT-v1-95M,3
sanxian_r3_s005,sanxian_r3,3,Sanxian,3,MERT-v1-95M,3
sanxian_r3_s006,sanxian_r3,3,Sanxian,3,MERT-v1-95M,3
sanxian_r3_s007,sanxian_r3,3,Sanxian,3,MERT-v1-95M,3
sanxian_r3_s008,sanxian_r3,3,Sanxian,3,MERT-v1-95M,3
dizi_r3_s001,dizi_r3,4,Dizi,4,MERT-v1-95M,3
dizi_r3_s002,dizi_r3,4,Dizi,4,MERT-v1-95M,3
dizi_r3_s003,dizi_r3,4,Dizi,4,MERT-v1-95M,3
dizi_r3_s004,dizi_r3,4,Dizi,4,MERT-v1-95M,3
dizi_r3_s005,dizi_r3,4,Dizi,4,MERT-v1-95M,3
dizi_r3_s006,dizi_r3,4,Dizi,4,MERT-v1-95M,3
dizi_r3_s007,dizi_r3,4,Dizi,4,MERT-v1-95M,3
dizi_r3_s008,dizi_r3,4,Dizi,4,MERT-v1-95M,3
dizi_r3_s009,dizi_r3,4,Dizi,4,MERT-v1-95M,3
dizi_r3_s010,dizi_r3,4,Dizi,4,MERT-v1-95M,3
dizi_r3_s011,dizi_r3,4,Dizi,4,MERT-v1-95M,3
dizi_r3_s012,dizi_r3,4,Dizi,4,MERT-v1-95M,3
dizi_r3_s013,dizi_r3,4,Dizi,4,MERT-v1-95M,3
dizi_r3_s014,dizi_r3,4,Dizi,4,MERT-v1-95M,3
dizi_r3_s015,dizi_r3,4,Dizi,4,MERT-v1-95M,3
dizi_r3_s016,dizi_r3,4,Dizi,4,MERT-v1-95M,3
dizi_r3_s017,dizi_r3,4,Dizi,4,MERT-v1-95M,3
suona_r3_s001,suona_r3,5,Suona,5,MERT-v1-95M,3
suona_r3_s002,suona_r3,5,Suona,5,MERT-v1-95M,3
suona_r3_s003,suona_r3,5,Suona,5,MERT-v1-95M,3
suona_r3_s004,suona_r3,5,Suona,5,MERT-v1-95M,3
suona_r3_s005,suona_r3,5,Suona,5,MERT-v1-95M,3
suona_r3_s006,suona_r3,5,Suona,5,MERT-v1-95M,3
suona_r3_s007,suona_r3,5,Suona,5,MERT-v1-95M,3
suona_r3_s008,suona_r3,5,Suona,5,MERT-v1-95M,3
suona_r3_s009,suona_r3,5,Suona,5,MERT-v1-95M,3
suona_r3_s010,suona_r3,5,Suona,5,MERT-v1-95M,3
suona_r3_s011,suona_r3,5,Suona,5,MERT-v1-95M,3
zhuiqin_r3_s001,zhuiqin_r3,6,Zhuiqin,6,MERT-v1-95M,3
zhuiqin_r3_s002,zhuiqin_r3,6,Zhuiqin,6,MERT-v1-95M,3
zhuiqin_r3_s003,zhuiqin_r3,6,Zhuiqin,6,MERT-v1-95M,3
zhuiqin_r3_s004,zhuiqin_r3,6,Zhuiqin,6,MERT-v1-95M,3
zhuiqin_r3_s005,zhuiqin_r3,6,Zhuiqin,6,MERT-v1-95M,3
zhuiqin_r3_s006,zhuiqin_r3,6,Zhuiqin,6,MERT-v1-95M,3
zhuiqin_r3_s007,zhuiqin_r3,6,Zhuiqin,6,MERT-v1-95M,3
zhuiqin_r3_s008,zhuiqin_r3,6,Zhuiqin,6,MERT-v1-95M,3
zhuiqin_r3_s009,zhuiqin_r3,6,Zhuiqin,6,MERT-v1-95M,3
zhuiqin_r3_s010,zhuiqin_r3,6,Zhuiqin,6,MERT-v1-95M,3
zhuiqin_r3_s011,zhuiqin_r3,6,Zhuiqin,6,MERT-v1-95M,3
zhuiqin_r3_s012,zhuiqin_r3,6,Zhuiqin,6,MERT-v1-95M,3
zhuiqin_r3_s013,zhuiqin_r3,6,Zhuiqin,6,MERT-v1-95M,3
zhuiqin_r3_s014,zhuiqin_r3,6,Zhuiqin,6,MERT-v1-95M,3
zhuiqin_r3_s015,zhuiqin_r3,6,Zhuiqin,6,MERT-v1-95M,3
zhuiqin_r3_s016,zhuiqin_r3,6,Zhuiqin,6,MERT-v1-95M,3
zhuiqin_r3_s017,zhuiqin_r3,6,Zhuiqin,6,MERT-v1-95M,3
zhuiqin_r3_s018,zhuiqin_r3,6,Zhuiqin,6,MERT-v1-95M,3
zhuiqin_r3_s019,zhuiqin_r3,6,Zhuiqin,6,MERT-v1-95M,3
zhuiqin_r3_s020,zhuiqin_r3,6,Zhuiqin,6,MERT-v1-95M,3
zhongruan_r3_s001,zhongruan_r3,7,Zhongruan,7,MERT-v1-95M,3
zhongruan_r3_s002,zhongruan_r3,7,Zhongruan,7,MERT-v1-95M,3
zhongruan_r3_s003,zhongruan_r3,7,Zhongruan,7,MERT-v1-95M,3
zhongruan_r3_s004,zhongruan_r3,7,Zhongruan,7,MERT-v1-95M,3
zhongruan_r3_s005,zhongruan_r3,7,Zhongruan,7,MERT-v1-95M,3
zhongruan_r3_s006,zhongruan_r3,7,Zhongruan,7,MERT-v1-95M,3
zhongruan_r3_s007,zhongruan_r3,7,Zhongruan,7,MERT-v1-95M,3
zhongruan_r3_s008,zhongruan_r3,7,Zhongruan,7,MERT-v1-95M,3
zhongruan_r3_s009,zhongruan_r3,7,Zhongruan,7,MERT-v1-95M,3
zhongruan_r3_s010,zhongruan_r3,7,Zhongruan,7,MERT-v1-95M,3
zhongruan_r3_s011,zhongruan_r3,7,Zhongruan,7,MERT-v1-95M,3
zhongruan_r3_s012,zhongruan_r3,7,Zhongruan,7,MERT-v1-95M,3
zhongruan_r3_s013,zhongruan_r3,7,Zhongruan,7,MERT-v1-95M,3
zhongruan_r3_s014,zhongruan_r3,7,Zhongruan,7,MERT-v1-95M,3
zhongruan_r3_s015,zhongruan_r3,7,Zhongruan,7,MERT-v1-95M,3
zhongruan_r3_s016,zhongruan_r3,7,Zhongruan,7,MERT-v1-95M,3
zhongruan_r3_s017,zhongruan_r3,7,Zhongruan,7,MERT-v1-95M,3
zhongruan_r3_s018,zhongruan_r3,7,Zhongruan,7,MERT-v1-95M,3
zhongruan_r3_s019,zhongruan_r3,7,Zhongruan,7,MERT-v1-95M,3
zhongruan_r3_s020,zhongruan_r3,7,Zhongruan,7,MERT-v1-95M,3
zhongruan_r3_s021,zhongruan_r3,7,Zhongruan,7,MERT-v1-95M,3
zhongruan_r3_s022,zhongruan_r3,7,Zhongruan,7,MERT-v1-95M,3
zhongruan_r3_s023,zhongruan_r3,7,Zhongruan,7,MERT-v1-95M,3
zhongruan_r3_s024,zhongruan_r3,7,Zhongruan,7,MERT-v1-95M,3
zhongruan_r3_s025,zhongruan_r3,7,Zhongruan,7,MERT-v1-95M,3
liuqin_r3_s001,liuqin_r3,8,Liuqin,8,MERT-v1-95M,3
liuqin_r3_s002,liuqin_r3,8,Liuqin,8,MERT-v1-95M,3
liuqin_r3_s003,liuqin_r3,8,Liuqin,8,MERT-v1-95M,3
liuqin_r3_s004,liuqin_r3,8,Liuqin,8,MERT-v1-95M,3
liuqin_r3_s005,liuqin_r3,8,Liuqin,8,MERT-v1-95M,3
liuqin_r3_s006,liuqin_r3,8,Liuqin,8,MERT-v1-95M,3
liuqin_r3_s007,liuqin_r3,8,Liuqin,8,MERT-v1-95M,3
liuqin_r3_s008,liuqin_r3,8,Liuqin,8,MERT-v1-95M,3
liuqin_r3_s009,liuqin_r3,8,Liuqin,8,MERT-v1-95M,3
liuqin_r3_s010,liuqin_r3,8,Liuqin,8,MERT-v1-95M,3
liuqin_r3_s011,liuqin_r3,8,Liuqin,8,MERT-v1-95M,3
liuqin_r3_s012,liuqin_r3,8,Liuqin,8,MERT-v1-95M,3
liuqin_r3_s013,liuqin_r3,8,Liuqin,8,MERT-v1-95M,3
liuqin_r3_s014,liuqin_r3,8,Liuqin,8,MERT-v1-95M,3
liuqin_r3_s015,liuqin_r3,8,Liuqin,8,MERT-v1-95M,3
liuqin_r3_s016,liuqin_r3,8,Liuqin,8,MERT-v1-95M,3
liuqin_r3_s017,liuqin_r3,8,Liuqin,8,MERT-v1-95M,3
liuqin_r3_s018,liuqin_r3,8,Liuqin,8,MERT-v1-95M,3
liuqin_r3_s019,liuqin_r3,8,Liuqin,2,MERT-v1-95M,3
liuqin_r3_s020,liuqin_r3,8,Liuqin,2,MERT-v1-95M,3
liuqin_r3_s021,liuqin_r3,8,Liuqin,8,MERT-v1-95M,3
guzheng_r3_s001,guzheng_r3,9,Guzheng,9,MERT-v1-95M,3
guzheng_r3_s002,guzheng_r3,9,Guzheng,9,MERT-v1-95M,3
guzheng_r3_s003,guzheng_r3,9,Guzheng,9,MERT-v1-95M,3
guzheng_r3_s004,guzheng_r3,9,Guzheng,9,MERT-v1-95M,3
guzheng_r3_s005,guzheng_r3,9,Guzheng,9,MERT-v1-95M,3
guzheng_r3_s006,guzheng_r3,9,Guzheng,9,MERT-v1-95M,3
guzheng_r3_s007,guzheng_r3,9,Guzheng,9,MERT-v1-95M,3
guzheng_r3_s008,guzheng_r3,9,Guzheng,9,MERT-v1-95M,3
guzheng_r3_s009,guzheng_r3,9,Guzheng,9,MERT-v1-95M,3
guzheng_r3_s010,guzheng_r3,9,Guzheng,9,MERT-v1-95M,3
guzheng_r3_s011,guzheng_r3,9,Guzheng,9,MERT-v1-95M,3
guzheng_r3_s012,guzheng_r3,9,Guzheng,9,MERT-v1-95M,3
guzheng_r3_s013,guzheng_r3,9,Guzheng,9,MERT-v1-95M,3
guzheng_r3_s014,guzheng_r3,9,Guzheng,9,MERT-v1-95M,3
guzheng_r3_s015,guzheng_r3,9,Guzheng,9,MERT-v1-95M,3
guzheng_r3_s016,guzheng_r3,9,Guzheng,9,MERT-v1-95M,3
guzheng_r3_s017,guzheng_r3,9,Guzheng,9,MERT-v1-95M,3
guzheng_r3_s018,guzheng_r3,9,Guzheng,9,MERT-v1-95M,3
guzheng_r3_s019,guzheng_r3,9,Guzheng,9,MERT-v1-95M,3
guzheng_r3_s020,guzheng_r3,9,Guzheng,9,MERT-v1-95M,3
guzheng_r3_s021,guzheng_r3,9,Guzheng,9,MERT-v1-95M,3
guzheng_r3_s022,guzheng_r3,9,Guzheng,9,MERT-v1-95M,3
guzheng_r3_s023,guzheng_r3,9,Guzheng,9,MERT-v1-95M,3
guzheng_r3_s024,guzheng_r3,9,Guzheng,9,MERT-v1-95M,3
guzheng_r3_s025,guzheng_r3,9,Guzheng,9,MERT-v1-95M,3
guzheng_r3_s026,guzheng_r3,9,Guzheng,9,MERT-v1-95M,3
guzheng_r3_s027,guzheng_r3,9,Guzheng,9,MERT-v1-95M,3
guzheng_r3_s028,guzheng_r3,9,Guzheng,9,MERT-v1-95M,3
yangqin_r3_s001,yangqin_r3,10,Yangqin,10,MERT-v1-95M,3
yangqin_r3_s002,yangqin_r3,10,Yangqin,10,MERT-v1-95M,3
yangqin_r3_s003,yangqin_r3,10,Yangqin,10,MERT-v1-95M,3
yangqin_r3_s004,yangqin_r3,10,Yangqin,10,MERT-v1-95M,3
yangqin_r3_s005,yangqin_r3,10,Yangqin,10,MERT-v1-95M,3
yangqin_r3_s006,yangqin_r3,10,Yangqin,10,MERT-v1-95M,3
yangqin_r3_s007,yangqin_r3,10,Yangqin,10,MERT-v1-95M,3
yangqin_r3_s008,yangqin_r3,10,Yangqin,10,MERT-v1-95M,3
yangqin_r3_s009,yangqin_r3,10,Yangqin,10,MERT-v1-95M,3
yangqin_r3_s010,yangqin_r3,10,Yangqin,10,MERT-v1-95M,3
yangqin_r3_s011,yangqin_r3,10,Yangqin,10,MERT-v1-95M,3
yangqin_r3_s012,yangqin_r3,10,Yangqin,10,MERT-v1-95M,3
yangqin_r3_s013,yangqin_r3,10,Yangqin,10,MERT-v1-95M,3
sheng_r3_s001,sheng_r3,11,Sheng,11,MERT-v1-95M,3
sheng_r3_s002,sheng_r3,11,Sheng,11,MERT-v1-95M,3
sheng_r3_s003,sheng_r3,11,Sheng,11,MERT-v1-95M,3
sheng_r3_s004,sheng_r3,11,Sheng,11,MERT-v1-95M,3
sheng_r3_s005,sheng_r3,11,Sheng,11,MERT-v1-95M,3
sheng_r3_s006,sheng_r3,11,Sheng,11,MERT-v1-95M,3
sheng_r3_s007,sheng_r3,11,Sheng,11,MERT-v1-95M,3
sheng_r3_s008,sheng_r3,11,Sheng,11,MERT-v1-95M,3
sheng_r3_s009,sheng_r3,11,Sheng,11,MERT-v1-95M,3
sheng_r3_s010,sheng_r3,11,Sheng,11,MERT-v1-95M,3
sheng_r3_s011,sheng_r3,11,Sheng,11,MERT-v1-95M,3
sheng_r3_s012,sheng_r3,11,Sheng,11,MERT-v1-95M,3
sheng_r3_s013,sheng_r3,11,Sheng,11,MERT-v1-95M,3
sheng_r3_s014,sheng_r3,11,Sheng,11,MERT-v1-95M,3
sheng_r3_s015,sheng_r3,11,Sheng,11,MERT-v1-95M,3
sheng_r3_s016,sheng_r3,11,Sheng,11,MERT-v1-95M,3
sheng_r3_s017,sheng_r3,11,Sheng,11,MERT-v1-95M,3
sheng_r3_s018,sheng_r3,11,Sheng,11,MERT-v1-95M,3
sheng_r3_s019,sheng_r3,11,Sheng,11,MERT-v1-95M,3
sheng_r3_s020,sheng_r3,11,Sheng,11,MERT-v1-95M,3
sheng_r3_s021,sheng_r3,11,Sheng,11,MERT-v1-95M,3
sheng_r3_s022,sheng_r3,11,Sheng,11,MERT-v1-95M,3
sheng_r3_s023,sheng_r3,11,Sheng,11,MERT-v1-95M,3
sheng_r3_s024,sheng_r3,11,Sheng,11,MERT-v1-95M,3
sheng_r3_s025,sheng_r3,11,Sheng,11,MERT-v1-95M,3
sheng_r3_s026,sheng_r3,11,Sheng,11,MERT-v1-95M,3
sheng_r3_s027,sheng_r3,11,Sheng,11,MERT-v1-95M,3
sheng_r3_s028,sheng_r3,11,Sheng,11,MERT-v1-95M,3
sheng_r3_s029,sheng_r3,11,Sheng,11,MERT-v1-95M,3
sheng_r3_s030,sheng_r3,11,Sheng,11,MERT-v1-95M,3
sheng_r3_s031,sheng_r3,11,Sheng,11,MERT-v1-95M,3
sheng_r3_s032,sheng_r3,11,Sheng,11,MERT-v1-95M,3
sheng_r3_s033,sheng_r3,11,Sheng,11,MERT-v1-95M,3
sheng_r3_s034,sheng_r3,11,Sheng,11,MERT-v1-95M,3
sheng_r3_s035,sheng_r3,11,Sheng,11,MERT-v1-95M,3
sheng_r3_s036,sheng_r3,11,Sheng,11,MERT-v1-95M,3
sheng_r3_s037,sheng_r3,11,Sheng,11,MERT-v1-95M,3
sheng_r3_s038,sheng_r3,11,Sheng,11,MERT-v1-95M,3
sheng_r3_s039,sheng_r3,11,Sheng,11,MERT-v1-95M,3
sheng_r3_s040,sheng_r3,11,Sheng,11,MERT-v1-95M,3
sheng_r3_s041,sheng_r3,11,Sheng,11,MERT-v1-95M,3
sheng_r3_s042,sheng_r3,11,Sheng,11,MERT-v1-95M,3
sheng_r3_s043,sheng_r3,11,Sheng,11,MERT-v1-95M,3
sheng_r3_s044,sheng_r3,11,Sheng,11,MERT-v1-95M,3
sheng_r3_s045,sheng_r3,11,Sheng,11,MERT-v1-95M,3
sheng_r3_s046,sheng_r3,11,Sheng,11,MERT-v1-95M,3
sheng_r3_s047,sheng_r3,11,Sheng,11,MERT-v1-95M,3
sheng_r3_s048,sheng_r3,11,Sheng,11,MERT-v1-95M,3
sheng_r3_s049,sheng_r3,11,Sheng,11,MERT-v1-95M,3
sheng_r3_s050,sheng_r3,11,Sheng,11,MERT-v1-95M,3
sheng_r3_s051,sheng_r3,11,Sheng,11,MERT-v1-95M,3
sheng_r3_s052,sheng_r3,11,Sheng,11,MERT-v1-95M,3
sheng_r3_s053,sheng_r3,11,Sheng,11,MERT-v1-95M,3
sheng_r3_s054,sheng_r3,11,Sheng,11,MERT-v1-95M,3
sheng_r3_s055,sheng_r3,11,Sheng,11,MERT-v1-95M,3
sheng_r3_s056,sheng_r3,11,Sheng,11,MERT-v1-95M,3
erhu_r4_s001,erhu_r4,1,Erhu,1,MERT-v1-95M,4
erhu_r4_s002,erhu_r4,1,Erhu,1,MERT-v1-95M,4
erhu_r4_s003,erhu_r4,1,Erhu,1,MERT-v1-95M,4
erhu_r4_s004,erhu_r4,1,Erhu,1,MERT-v1-95M,4
erhu_r4_s005,erhu_r4,1,Erhu,1,MERT-v1-95M,4
erhu_r4_s006,erhu_r4,1,Erhu,1,MERT-v1-95M,4
erhu_r4_s007,erhu_r4,1,Erhu,1,MERT-v1-95M,4
erhu_r4_s008,erhu_r4,1,Erhu,1,MERT-v1-95M,4
erhu_r4_s009,erhu_r4,1,Erhu,1,MERT-v1-95M,4
erhu_r4_s010,erhu_r4,1,Erhu,1,MERT-v1-95M,4
erhu_r4_s011,erhu_r4,1,Erhu,1,MERT-v1-95M,4
erhu_r4_s012,erhu_r4,1,Erhu,1,MERT-v1-95M,4
erhu_r4_s013,erhu_r4,1,Erhu,1,MERT-v1-95M,4
erhu_r4_s014,erhu_r4,1,Erhu,1,MERT-v1-95M,4
erhu_r4_s015,erhu_r4,1,Erhu,1,MERT-v1-95M,4
erhu_r4_s016,erhu_r4,1,Erhu,1,MERT-v1-95M,4
erhu_r4_s017,erhu_r4,1,Erhu,1,MERT-v1-95M,4
erhu_r4_s018,erhu_r4,1,Erhu,1,MERT-v1-95M,4
erhu_r4_s019,erhu_r4,1,Erhu,1,MERT-v1-95M,4
erhu_r4_s020,erhu_r4,1,Erhu,1,MERT-v1-95M,4
pipa_r4_s001,pipa_r4,2,Pipa,2,MERT-v1-95M,4
pipa_r4_s002,pipa_r4,2,Pipa,2,MERT-v1-95M,4
pipa_r4_s003,pipa_r4,2,Pipa,2,MERT-v1-95M,4
pipa_r4_s004,pipa_r4,2,Pipa,2,MERT-v1-95M,4
pipa_r4_s005,pipa_r4,2,Pipa,2,MERT-v1-95M,4
pipa_r4_s006,pipa_r4,2,Pipa,2,MERT-v1-95M,4
pipa_r4_s007,pipa_r4,2,Pipa,2,MERT-v1-95M,4
pipa_r4_s008,pipa_r4,2,Pipa,2,MERT-v1-95M,4
pipa_r4_s009,pipa_r4,2,Pipa,2,MERT-v1-95M,4
pipa_r4_s010,pipa_r4,2,Pipa,2,MERT-v1-95M,4
pipa_r4_s011,pipa_r4,2,Pipa,2,MERT-v1-95M,4
pipa_r4_s012,pipa_r4,2,Pipa,2,MERT-v1-95M,4
pipa_r4_s013,pipa_r4,2,Pipa,2,MERT-v1-95M,4
pipa_r4_s014,pipa_r4,2,Pipa,2,MERT-v1-95M,4
pipa_r4_s015,pipa_r4,2,Pipa,2,MERT-v1-95M,4
pipa_r4_s016,pipa_r4,2,Pipa,2,MERT-v1-95M,4
pipa_r4_s017,pipa_r4,2,Pipa,2,MERT-v1-95M,4
pipa_r4_s018,pipa_r4,2,Pipa,2,MERT-v1-95M,4
pipa_r4_s019,pipa_r4,2,Pipa,2,MERT-v1-95M,4
pipa_r4_s020,pipa_r4,2,Pipa,2,MERT-v1-95M,4
pipa_r4_s021,pipa_r4,2,Pipa,2,MERT-v1-95M,4
pipa_r4_s022,pipa_r4,2,Pipa,2,MERT-v1-95M,4
pipa_r4_s023,pipa_r4,2,Pipa,2,MERT-v1-95M,4
pipa_r4_s024,pipa_r4,2,Pipa,2,MERT-v1-95M,4
sanxian_r4_s001,sanxian_r4,3,Sanxian,3,MERT-v1-95M,4
sanxian_r4_s002,sanxian_r4,3,Sanxian,3,MERT-v1-95M,4
sanxian_r4_s003,sanxian_r4,3,Sanxian,3,MERT-v1-95M,4
sanxian_r4_s004,sanxian_r4,3,Sanxian,3,MERT-v1-95M,4
sanxian_r4_s005,sanxian_r4,3,Sanxian,3,MERT-v1-95M,4
sanxian_r4_s006,sanxian_r4,3,Sanxian,3,MERT-v1-95M,4
sanxian_r4_s007,sanxian_r4,3,Sanxian,3,MERT-v1-95M,4
sanxian_r4_s008,sanxian_r4,3,Sanxian,3,MERT-v1-95M,4
dizi_r4_s001,dizi_r4,4,Dizi,4,MERT-v1-95M,4
dizi_r4_s002,dizi_r4,4,Dizi,4,MERT-v1-95M,4
dizi_r4_s003,dizi_r4,4,Dizi,4,MERT-v1-95M,4
dizi_r4_s004,dizi_r4,4,Dizi,4,MERT-v1-95M,4
dizi_r4_s005,dizi_r4,4,Dizi,4,MERT-v1-95M,4
dizi_r4_s006,dizi_r4,4,Dizi,4,MERT-v1-95M,4
dizi_r4_s007,dizi_r4,4,Dizi,4,MERT-v1-95M,4
dizi_r4_s008,dizi_r4,4,Dizi,4,MERT-v1-95M,4
dizi_r4_s009,dizi_r4,4,Dizi,4,MERT-v1-95M,4
dizi_r4_s010,dizi_r4,4,Dizi,4,MERT-v1-95M,4
dizi_r4_s011,dizi_r4,4,Dizi,4,MERT-v1-95M,4
dizi_r4_s012,dizi_r4,4,Dizi,4,MERT-v1-95M,4
dizi_r4_s013,dizi_r4,4,Dizi,4,MERT-v1-95M,4
dizi_r4_s014,dizi_r4,4,Dizi,4,MERT-v1-95M,4
dizi_r4_s015,dizi_r4,4,Dizi,4,MERT-v1-95M,4
dizi_r4_s016,dizi_r4,4,Dizi,4,MERT-v1-95M,4
dizi_r4_s017,dizi_r4,4,Dizi,4,MERT-v1-95M,4
suona_r4_s001,suona_r4,5,Suona,5,MERT-v1-95M,4
suona_r4_s002,suona_r4,5,Suona,5,MERT-v1-95M,4
suona_r4_s003,suona_r4,5,Suona,5,MERT-v1-95M,4
suona_r4_s004,suona_r4,5,Suona,5,MERT-v1-95M,4
suona_r4_s005,suona_r4,5,Suona,5,MERT-v1-95M,4
suona_r4_s006,suona_r4,5,Suona,5,MERT-v1-95M,4
suona_r4_s007,suona_r4,5,Suona,5,MERT-v1-95M,4
suona_r4_s008,suona_r4,5,Suona,5,MERT-v1-95M,4
suona_r4_s009,suona_r4,5,Suona,5,MERT-v1-95M,4
suona_r4_s010,suona_r4,5,Suona,5,MERT-v1-95M,4
suona_r4_s011,suona_r4,5,Suona,5,MERT-v1-95M,4
suona_r4_s012,suona_r4,5,Suona,5,MERT-v1-95M,4
suona_r4_s013,suona_r4,5,Suona,5,MERT-v1-95M,4
zhuiqin_r4_s001,zhuiqin_r4,6,Zhuiqin,6,MERT-v1-95M,4
zhuiqin_r4_s002,zhuiqin_r4,6,Zhuiqin,6,MERT-v1-95M,4
zhuiqin_r4_s003,zhuiqin_r4,6,Zhuiqin,6,MERT-v1-95M,4
zhuiqin_r4_s004,zhuiqin_r4,6,Zhuiqin,6,MERT-v1-95M,4
zhuiqin_r4_s005,zhuiqin_r4,6,Zhuiqin,6,MERT-v1-95M,4
zhuiqin_r4_s006,zhuiqin_r4,6,Zhuiqin,6,MERT-v1-95M,4
zhuiqin_r4_s007,zhuiqin_r4,6,Zhuiqin,6,MERT-v1-95M,4
zhuiqin_r4_s008,zhuiqin_r4,6,Zhuiqin,6,MERT-v1-95M,4
zhuiqin_r4_s009,zhuiqin_r4,6,Zhuiqin,6,MERT-v1-95M,4
zhuiqin_r4_s010,zhuiqin_r4,6,Zhuiqin,6,MERT-v1-95M,4
zhuiqin_r4_s011,zhuiqin_r4,6,Zhuiqin,6,MERT-v1-95M,4
zhuiqin_r4_s012,zhuiqin_r4,6,Zhuiqin,6,MERT-v1-95M,4
zhuiqin_r4_s013,zhuiqin_r4,6,Zhuiqin,6,MERT-v1-95M,4
zhuiqin_r4_s014,zhuiqin_r4,6,Zhuiqin,6,MERT-v1-95M,4
zhuiqin_r4_s015,zhuiqin_r4,6,Zhuiqin,6,MERT-v1-95M,4
zhuiqin_r4_s016,zhuiqin_r4,6,Zhuiqin,6,MERT-v1-95M,4
zhuiqin_r4_s017,zhuiqin_r4,6,Zhuiqin,6,MERT-v1-95M,4
zhuiqin_r4_s018,zhuiqin_r4,6,Zhuiqin,6,MERT-v1-95M,4
zhuiqin_r4_s019,zhuiqin_r4,6,Zhuiqin,6,MERT-v1-95M,4
zhongruan_r4_s001,zhongruan_r4,7,Zhongruan,7,MERT-v1-95M,4
zhongruan_r4_s002,zhongruan_r4,7,Zhongruan,7,MERT-v1-95M,4
zhongruan_r4_s003,zhongruan_r4,7,Zhongruan,7,MERT-v1-95M,4
zhongruan_r4_s004,zhongruan_r4,7,Zhongruan,7,MERT-v1-95M,4
zhongruan_r4_s005,zhongruan_r4,7,Zhongruan,7,MERT-v1-95M,4
zhongruan_r4_s006,zhongruan_r4,7,Zhongruan,7,MERT-v1-95M,4
zhongruan_r4_s007,zhongruan_r4,7,Zhongruan,7,MERT-v1-95M,4
zhongruan_r4_s008,zhongruan_r4,7,Zhongruan,7,MERT-v1-95M,4
zhongruan_r4_s009,zhongruan_r4,7,Zhongruan,7,MERT-v1-95M,4
zhongruan_r4_s010,zhongruan_r4,7,Zhongruan,7,MERT-v1-95M,4
zhongruan_r4_s011,zhongruan_r4,7,Zhongruan,7,MERT-v1-95M,4
zhongruan_r4_s012,zhongruan_r4,7,Zhongruan,7,MERT-v1-95M,4
zhongruan_r4_s013,zhongruan_r4,7,Zhongruan,7,MERT-v1-95M,4
zhongruan_r4_s014,zhongruan_r4,7,Zhongruan,7,MERT-v1-95M,4
zhongruan_r4_s015,zhongruan_r4,7,Zhongruan,7,MERT-v1-95M,4
zhongruan_r4_s016,zhongruan_r4,7,Zhongruan,7,MERT-v1-95M,4
zhongruan_r4_s017,zhongruan_r4,7,Zhongruan,7,MERT-v1-95M,4
liuqin_r4_s001,liuqin_r4,8,Liuqin,8,MERT-v1-95M,4
liuqin_r4_s002,liuqin_r4,8,Liuqin,8,MERT-v1-95M,4
liuqin_r4_s003,liuqin_r4,8,Liuqin,8,MERT-v1-95M,4
liuqin_r4_s004,liuqin_r4,8,Liuqin,8,MERT-v1-95M,4
liuqin_r4_s005,liuqin_r4,8,Liuqin,8,MERT-v1-95M,4
liuqin_r4_s006,liuqin_r4,8,Liuqin,8,MERT-v1-95M,4
liuqin_r4_s007,liuqin_r4,8,Liuqin,8,MERT-v1-95M,4
guzheng_r4_s001,guzheng_r4,9,Guzheng,9,MERT-v1-95M,4
guzheng_r4_s002,guzheng_r4,9,Guzheng,9,MERT-v1-95M,4
guzheng_r4_s003,guzheng_r4,9,Guzheng,9,MERT-v1-95M,4
guzheng_r4_s004,guzheng_r4,9,Guzheng,9,MERT-v1-95M,4
guzheng_r4_s005,guzheng_r4,9,Guzheng,9,MERT-v1-95M,4
guzheng_r4_s006,guzheng_r4,9,Guzheng,9,MERT-v1-95M,4
guzheng_r4_s007,guzheng_r4,9,Guzheng,9,MERT-v1-95M,4
guzheng_r4_s008,guzheng_r4,9,Guzheng,9,MERT-v1-95M,4
guzheng_r4_s009,guzheng_r4,9,Guzheng,9,MERT-v1-95M,4
guzheng_r4_s010,guzheng_r4,9,Guzheng,9,MERT-v1-95M,4
guzheng_r4_s011,guzheng_r4,9,Guzheng,9,MERT-v1-95M,4
guzheng_r4_s012,guzheng_r4,9,Guzheng,9,MERT-v1-95M,4
guzheng_r4_s013,guzheng_r4,9,Guzheng,9,MERT-v1-95M,4
guzheng_r4_s014,guzheng_r4,9,Guzheng,9,MERT-v1-95M,4
guzheng_r4_s015,guzheng_r4,9,Guzheng,9,MERT-v1-95M,4
guzheng_r4_s016,guzheng_r4,9,Guzheng,9,MERT-v1-95M,4
guzheng_r4_s017,guzheng_r4,9,Guzheng,9,MERT-v1-95M,4
guzheng_r4_s018,guzheng_r4,9,Guzheng,9,MERT-v1-95M,4
guzheng_r4_s019,guzheng_r4,9,Guzheng,9,MERT-v1-95M,4
guzheng_r4_s020,guzheng_r4,9,Guzheng,9,MERT-v1-95M,4
guzheng_r4_s021,guzheng_r4,9,Guzheng,9,MERT-v1-95M,4
yangqin_r4_s001,yangqin_r4,10,Yangqin,10,MERT-v1-95M,4
yangqin_r4_s002,yangqin_r4,10,Yangqin,10,MERT-v1-95M,4
yangqin_r4_s003,yangqin_r4,10,Yangqin,10,MERT-v1-95M,4
yangqin_r4_s004,yangqin_r4,10,Yangqin,10,MERT-v1-95M,4
yangqin_r4_s005,yangqin_r4,10,Yangqin,10,MERT-v1-95M,4
yangqin_r4_s006,yangqin_r4,10,Yangqin,10,MERT-v1-95M,4
yangqin_r4_s007,yangqin_r4,10,Yangqin,10,MERT-v1-95M,4
yangqin_r4_s008,yangqin_r4,10,Yangqin,10,MERT-v1-95M,4
yangqin_r4_s009,yangqin_r4,10,Yangqin,10,MERT-v1-95M,4
yangqin_r4_s010,yangqin_r4,10,Yangqin,10,MERT-v1-95M,4
yangqin_r4_s011,yangqin_r4,10,Yangqin,10,MERT-v1-95M,4
yangqin_r4_s012,yangqin_r4,10,Yangqin,10,MERT-v1-95M,4
yangqin_r4_s013,yangqin_r4,10,Yangqin,10,MERT-v1-95M,4
yangqin_r4_s014,yangqin_r4,10,Yangqin,10,MERT-v1-95M,4
yangqin_r4_s015,yangqin_r4,10,Yangqin,10,MERT-v1-95M,4
yangqin_r4_s016,yangqin_r4,10,Yangqin,10,MERT-v1-95M,4
yangqin_r4_s017,yangqin_r4,10,Yangqin,10,MERT-v1-95M,4
yangqin_r4_s018,yangqin_r4,10,Yangqin,10,MERT-v1-95M,4
sheng_r4_s001,sheng_r4,11,Sheng,11,MERT-v1-95M,4
sheng_r4_s002,sheng_r4,11,Sheng,11,MERT-v1-95M,4
sheng_r4_s003,sheng_r4,11,Sheng,11,MERT-v1-95M,4
sheng_r4_s004,sheng_r4,11,Sheng,11,MERT-v1-95M,4
sheng_r4_s005,sheng_r4,11,Sheng,11,MERT-v1-95M,4
sheng_r4_s006,sheng_r4,11,Sheng,11,MERT-v1-95M,4
sheng_r4_s007,sheng_r4,11,Sheng,11,MERT-v1-95M,4
sheng_r4_s008,sheng_r4,11,Sheng,11,MERT-v1-95M,4
sheng_r4_s009,sheng_r4,11,Sheng,11,MERT-v1-95M,4
sheng_r4_s010,sheng_r4,11,Sheng,11,MERT-v1-95M,4
sheng_r4_s011,sheng_r4,11,Sheng,11,MERT-v1-95M,4
sheng_r4_s012,sheng_r4,11,Sheng,11,MERT-v1-95M,4
sheng_r4_s013,sheng_r4,11,Sheng,11,MERT-v1-95M,4
sheng_r4_s014,sheng_r4,11,Sheng,11,MERT-v1-95M,4
sheng_r4_s015,sheng_r4,11,Sheng,11,MERT-v1-95M,4
sheng_r4_s016,sheng_r4,11,Sheng,11,MERT-v1-95M,4
sheng_r4_s017,sheng_r4,11,Sheng,11,MERT-v1-95M,4
sheng_r4_s018,sheng_r4,11,Sheng,11,MERT-v1-95M,4
sheng_r4_s019,sheng_r4,11,Sheng,11,MERT-v1-95M,4
sheng_r4_s020,sheng_r4,11,Sheng,11,MERT-v1-95M,4
sheng_r4_s021,sheng_r4,11,Sheng,11,MERT-v1-95M,4
sheng_r4_s022,sheng_r4,11,Sheng,11,MERT-v1-95M,4
sheng_r4_s023,sheng_r4,11,Sheng,11,MERT-v1-95M,4
sheng_r4_s024,sheng_r4,11,Sheng,11,MERT-v1-95M,4
sheng_r4_s025,sheng_r4,11,Sheng,11,MERT-v1-95M,4
sheng_r4_s026,sheng_r4,11,Sheng,11,MERT-v1-95M,4
erhu_r5_s001,erhu_r5,1,Erhu,1,MERT-v1-95M,5
erhu_r5_s002,erhu_r5,1,Erhu,1,MERT-v1-95M,5
erhu_r5_s003,erhu_r5,1,Erhu,1,MERT-v1-95M,5
erhu_r5_s004,erhu_r5,1,Erhu,1,MERT-v1-95M,5
erhu_r5_s005,erhu_r5,1,Erhu,1,MERT-v1-95M,5
erhu_r5_s006,erhu_r5,1,Erhu,1,MERT-v1-95M,5
erhu_r5_s007,erhu_r5,1,Erhu,1,MERT-v1-95M,5
erhu_r5_s008,erhu_r5,1,Erhu,1,MERT-v1-95M,5
erhu_r5_s009,erhu_r5,1,Erhu,1,MERT-v1-95M,5
erhu_r5_s010,erhu_r5,1,Erhu,1,MERT-v1-95M,5
erhu_r5_s011,erhu_r5,1,Erhu,1,MERT-v1-95M,5
erhu_r5_s012,erhu_r5,1,Erhu,1,MERT-v1-95M,5
erhu_r5_s013,erhu_r5,1,Erhu,1,MERT-v1-95M,5
erhu_r5_s014,erhu_r5,1,Erhu,1,MERT-v1-95M,5
erhu_r5_s015,erhu_r5,1,Erhu,1,MERT-v1-95M,5
erhu_r5_s016,erhu_r5,1,Erhu,1,MERT-v1-95M,5
erhu_r5_s017,erhu_r5,1,Erhu,1,MERT-v1-95M,5
erhu_r5_s018,erhu_r5,1,Erhu,1,MERT-v1-95M,5
erhu_r5_s019,erhu_r5,1,Erhu,1,MERT-v1-95M,5
erhu_r5_s020,erhu_r5,1,Erhu,1,MERT-v1-95M,5
erhu_r5_s021,erhu_r5,1,Erhu,1,MERT-v1-95M,5
erhu_r5_s022,erhu_r5,1,Erhu,1,MERT-v1-95M,5
erhu_r5_s023,erhu_r5,1,Erhu,1,MERT-v1-95M,5
erhu_r5_s024,erhu_r5,1,Erhu,1,MERT-v1-95M,5
erhu_r5_s025,erhu_r5,1,Erhu,1,MERT-v1-95M,5
erhu_r5_s026,erhu_r5,1,Erhu,1,MERT-v1-95M,5
pipa_r5_s001,pipa_r5,2,Pipa,2,MERT-v1-95M,5
pipa_r5_s002,pipa_r5,2,Pipa,2,MERT-v1-95M,5
pipa_r5_s003,pipa_r5,2,Pipa,2,MERT-v1-95M,5
pipa_r5_s004,pipa_r5,2,Pipa,2,MERT-v1-95M,5
pipa_r5_s005,pipa_r5,2,Pipa,2,MERT-v1-95M,5
pipa_r5_s006,pipa_r5,2,Pipa,2,MERT-v1-95M,5
pipa_r5_s007,pipa_r5,2,Pipa,2,MERT-v1-95M,5
pipa_r5_s008,pipa_r5,2,Pipa,2,MERT-v1-95M,5
pipa_r5_s009,pipa_r5,2,Pipa,2,MERT-v1-95M,5
pipa_r5_s010,pipa_r5,2,Pipa,2,MERT-v1-95M,5
pipa_r5_s011,pipa_r5,2,Pipa,2,MERT-v1-95M,5
pipa_r5_s012,pipa_r5,2,Pipa,2,MERT-v1-95M,5
pipa_r5_s013,pipa_r5,2,Pipa,2,MERT-v1-95M,5
sanxian_r5_s001,sanxian_r5,3,Sanxian,3,MERT-v1-95M,5
sanxian_r5_s002,sanxian_r5,3,Sanxian,3,MERT-v1-95M,5
sanxian_r5_s003,sanxian_r5,3,Sanxian,3,MERT-v1-95M,5
sanxian_r5_s004,sanxian_r5,3,Sanxian,3,MERT-v1-95M,5
sanxian_r5_s005,sanxian_r5,3,Sanxian,3,MERT-v1-95M,5
sanxian_r5_s006,sanxian_r5,3,Sanxian,3,MERT-v1-95M,5
sanxian_r5_s007,sanxian_r5,3,Sanxian,3,MERT-v1-95M,5
sanxian_r5_s008,sanxian_r5,3,Sanxian,3,MERT-v1-95M,5
sanxian_r5_s009,sanxian_r5,3,Sanxian,3,MERT-v1-95M,5
sanxian_r5_s010,sanxian_r5,3,Sanxian,3,MERT-v1-95M,5
sanxian_r5_s011,sanxian_r5,3,Sanxian,3,MERT-v1-95M,5
sanxian_r5_s012,sanxian_r5,3,Sanxian,3,MERT-v1-95M,5
sanxian_r5_s013,sanxian_r5,3,Sanxian,3,MERT-v1-95M,5
sanxian_r5_s014,sanxian_r5,3,Sanxian,3,MERT-v1-95M,5
sanxian_r5_s015,sanxian_r5,3,Sanxian,3,MERT-v1-95M,5
sanxian_r5_s016,sanxian_r5,3,Sanxian,3,MERT-v1-95M,5
dizi_r5_s001,dizi_r5,4,Dizi,4,MERT-v1-95M,5
dizi_r5_s002,dizi_r5,4,Dizi,4,MERT-v1-95M,5
dizi_r5_s003,dizi_r5,4,Dizi,4,MERT-v1-95M,5
dizi_r5_s004,dizi_r5,4,Dizi,4,MERT-v1-95M,5
dizi_r5_s005,dizi_r5,4,Dizi,4,MERT-v1-95M,5
dizi_r5_s006,dizi_r5,4,Dizi,4,MERT-v1-95M,5
dizi_r5_s007,dizi_r5,4,Dizi,4,MERT-v1-95M,5
dizi_r5_s008,dizi_r5,4,Dizi,4,MERT-v1-95M,5
dizi_r5_s009,dizi_r5,4,Dizi,4,MERT-v1-95M,5
dizi_r5_s010,dizi_r5,4,Dizi,4,MERT-v1-95M,5
dizi_r5_s011,dizi_r5,4,Dizi,4,MERT-v1-95M,5
dizi_r5_s012,dizi_r5,4,Dizi,4,MERT-v1-95M,5
dizi_r5_s013,dizi_r5,4,Dizi,4,MERT-v1-95M,5
dizi_r5_s014,dizi_r5,4,Dizi,4,MERT-v1-95M,5
dizi_r5_s015,dizi_r5,4,Dizi,4,MERT-v1-95M,5
dizi_r5_s016,dizi_r5,4,Dizi,4,MERT-v1-95M,5
dizi_r5_s017,dizi_r5,4,Dizi,4,MERT-v1-95M,5
dizi_r5_s018,dizi_r5,4,Dizi,4,MERT-v1-95M,5
suona_r5_s001,suona_r5,5,Suona,5,MERT-v1-95M,5
suona_r5_s002,suona_r5,5,Suona,5,MERT-v1-95M,5
suona_r5_s003,suona_r5,5,Suona,5,MERT-v1-95M,5
suona_r5_s004,suona_r5,5,Suona,5,MERT-v1-95M,5
suona_r5_s005,suona_r5,5,Suona,5,MERT-v1-95M,5
suona_r5_s006,suona_r5,5,Suona,5,MERT-v1-95M,5
suona_r5_s007,suona_r5,5,Suona,5,MERT-v1-95M,5
suona_r5_s008,suona_r5,5,Suona,5,MERT-v1-95M,5
suona_r5_s009,suona_r5,5,Suona,5,MERT-v1-95M,5
zhuiqin_r5_s001,zhuiqin_r5,6,Zhuiqin,6,MERT-v1-95M,5
zhuiqin_r5_s002,zhuiqin_r5,6,Zhuiqin,6,MERT-v1-95M,5
zhuiqin_r5_s003,zhuiqin_r5,6,Zhuiqin,6,MERT-v1-95M,5
zhuiqin_r5_s004,zhuiqin_r5,6,Zhuiqin,6,MERT-v1-95M,5
zhuiqin_r5_s005,zhuiqin_r5,6,Zhuiqin,6,MERT-v1-95M,5
zhuiqin_r5_s006,zhuiqin_r5,6,Zhuiqin,6,MERT-v1-95M,5
zhuiqin_r5_s007,zhuiqin_r5,6,Zhuiqin,6,MERT-v1-95M,5
zhongruan_r5_s001,zhongruan_r5,7,Zhongruan,7,MERT-v1-95M,5
zhongruan_r5_s002,zhongruan_r5,7,Zhongruan,7,MERT-v1-95M,5
zhongruan_r5_s003,zhongruan_r5,7,Zhongruan,7,MERT-v1-95M,5
zhongruan_r5_s004,zhongruan_r5,7,Zhongruan,7,MERT-v1-95M,5
zhongruan_r5_s005,zhongruan_r5,7,Zhongruan,7,MERT-v1-95M,5
zhongruan_r5_s006,zhongruan_r5,7,Zhongruan,7,MERT-v1-95M,5
zhongruan_r5_s007,zhongruan_r5,7,Zhongruan,7,MERT-v1-95M,5
zhongruan_r5_s008,zhongruan_r5,7,Zhongruan,7,MERT-v1-95M,5
zhongruan_r5_s009,zhongruan_r5,7,Zhongruan,7,MERT-v1-95M,5
zhongruan_r5_s010,zhongruan_r5,7,Zhongruan,7,MERT-v1-95M,5
zhongruan_r5_s011,zhongruan_r5,7,Zhongruan,7,MERT-v1-95M,5
zhongruan_r5_s012,zhongruan_r5,7,Zhongruan,7,MERT-v1-95M,5
zhongruan_r5_s013,zhongruan_r5,7,Zhongruan,7,MERT-v1-95M,5
zhongruan_r5_s014,zhongruan_r5,7,Zhongruan,7,MERT-v1-95M,5
zhongruan_r5_s015,zhongruan_r5,7,Zhongruan,7,MERT-v1-95M,5
zhongruan_r5_s016,zhongruan_r5,7,Zhongruan,7,MERT-v1-95M,5
zhongruan_r5_s017,zhongruan_r5,7,Zhongruan,7,MERT-v1-95M,5
zhongruan_r5_s018,zhongruan_r5,7,Zhongruan,7,MERT-v1-95M,5
zhongruan_r5_s019,zhongruan_r5,7,Zhongruan,7,MERT-v1-95M,5
zhongruan_r5_s020,zhongruan_r5,7,Zhongruan,7,MERT-v1-95M,5
liuqin_r5_s001,liuqin_r5,8,Liuqin,8,MERT-v1-95M,5
liuqin_r5_s002,liuqin_r5,8,Liuqin,8,MERT-v1-95M,5
liuqin_r5_s003,liuqin_r5,8,Liuqin,8,MERT-v1-95M,5
liuqin_r5_s004,liuqin_r5,8,Liuqin,8,MERT-v1-95M,5
liuqin_r5_s005,liuqin_r5,8,Liuqin,8,MERT-v1-95M,5
liuqin_r5_s006,liuqin_r5,8,Liuqin,8,MERT-v1-95M,5
liuqin_r5_s007,liuqin_r5,8,Liuqin,8,MERT-v1-95M,5
guzheng_r5_s001,guzheng_r5,9,Guzheng,9,MERT-v1-95M,5
guzheng_r5_s002,guzheng_r5,9,Guzheng,9,MERT-v1-95M,5
guzheng_r5_s003,guzheng_r5,9,Guzheng,9,MERT-v1-95M,5
guzheng_r5_s004,guzheng_r5,9,Guzheng,9,MERT-v1-95M,5
guzheng_r5_s005,guzheng_r5,9,Guzheng,9,MERT-v1-95M,5
guzheng_r5_s006,guzheng_r5,9,Guzheng,9,MERT-v1-95M,5
guzheng_r5_s007,guzheng_r5,9,Guzheng,9,MERT-v1-95M,5
guzheng_r5_s008,guzheng_r5,9,Guzheng,9,MERT-v1-95M,5
guzheng_r5_s009,guzheng_r5,9,Guzheng,9,MERT-v1-95M,5
guzheng_r5_s010,guzheng_r5,9,Guzheng,9,MERT-v1-95M,5
guzheng_r5_s011,guzheng_r5,9,Guzheng,9,MERT-v1-95M,5
guzheng_r5_s012,guzheng_r5,9,Guzheng,9,MERT-v1-95M,5
guzheng_r5_s013,guzheng_r5,9,Guzheng,9,MERT-v1-95M,5
guzheng_r5_s014,guzheng_r5,9,Guzheng,9,MERT-v1-95M,5
guzheng_r5_s015,guzheng_r5,9,Guzheng,9,MERT-v1-95M,5
yangqin_r5_s001,yangqin_r5,10,Yangqin,10,MERT-v1-95M,5
yangqin_r5_s002,yangqin_r5,10,Yangqin,10,MERT-v1-95M,5
yangqin_r5_s003,yangqin_r5,10,Yangqin,9,MERT-v1-95M,5
yangqin_r5_s004,yangqin_r5,10,Yangqin,10,MERT-v1-95M,5
yangqin_r5_s005,yangqin_r5,10,Yangqin,10,MERT-v1-95M,5
yangqin_r5_s006,yangqin_r5,10,Yangqin,9,MERT-v1-95M,5
yangqin_r5_s007,yangqin_r5,10,Yangqin,10,MERT-v1-95M,5
yangqin_r5_s008,yangqin_r5,10,Yangqin,10,MERT-v1-95M,5
yangqin_r5_s009,yangqin_r5,10,Yangqin,10,MERT-v1-95M,5
yangqin_r5_s010,yangqin_r5,10,Yangqin,10,MERT-v1-95M,5
yangqin_r5_s011,yangqin_r5,10,Yangqin,9,MERT-v1-95M,5
yangqin_r5_s012,yangqin_r5,10,Yangqin,10,MERT-v1-95M,5
yangqin_r5_s013,yangqin_r5,10,Yangqin,10,MERT-v1-95M,5
yangqin_r5_s014,yangqin_r5,10,Yangqin,10,MERT-v1-95M,5
sheng_r5_s001,sheng_r5,11,Sheng,8,MERT-v1-95M,5
sheng_r5_s002,sheng_r5,11,Sheng,3,MERT-v1-95M,5
sheng_r5_s003,sheng_r5,11,Sheng,11,MERT-v1-95M,5
sheng_r5_s004,sheng_r5,11,Sheng,11,MERT-v1-95M,5
sheng_r5_s005,sheng_r5,11,Sheng,11,MERT-v1-95M,5
sheng_r5_s006,sheng_r5,11,Sheng,11,MERT-v1-95M,5
sheng_r5_s007,sheng_r5,11,Sheng,2,MERT-v1-95M,5
sheng_r5_s008,sheng_r5,11,Sheng,11,MERT-v1-95M,5
sheng_r5_s009,sheng_r5,11,Sheng,11,MERT-v1-95M,5
sheng_r5_s010,sheng_r5,11,Sheng,11,MERT-v1-95M,5
sheng_r5_s011,sheng_r5,11,Sheng,11,MERT-v1-95M,5
sheng_r5_s012,sheng_r5,11,Sheng,11,MERT-v1-95M,5
sheng_r5_s013,sheng_r5,11,Sheng,11,MERT-v1-95M,5
sheng_r5_s014,sheng_r5,11,Sheng,11,MERT-v1-95M,5
sheng_r5_s015,sheng_r5,11,Sheng,11,MERT-v1-95M,5
sheng_r5_s016,sheng_r5,11,Sheng,11,MERT-v1-95M,5
sheng_r5_s017,sheng_r5,11,Sheng,11,MERT-v1-95M,5
sheng_r5_s018,sheng_r5,11,Sheng,11,MERT-v1-95M,5
sheng_r5_s019,sheng_r5,11,Sheng,11,MERT-v1-95M,5
sheng_r5_s020,sheng_r5,11,Sheng,11,MERT-v1-95M,5
sheng_r5_s021,sheng_r5,11,Sheng,11,MERT-v1-95M,5
sheng_r5_s022,sheng_r5,11,Sheng,11,MERT-v1-95M,5
sheng_r5_s023,sheng_r5,11,Sheng,11,MERT-v1-95M,5
sheng_r5_s024,sheng_r5,11,Sheng,11,MERT-v1-95M,5
sheng_r5_s025,sheng_r5,11,Sheng,11,MERT-v1-95M,5
sheng_r5_s026,sheng_r5,11,Sheng,11,MERT-v1-95M,5
