recording_id,instrument_id,instrument,1,2,3,4,5,6,7,8,9,10,11,prediction,representation,fold
dizi_r1,4,Dizi,0.0009409589862097784,0.00019583070959815432,2.9648997495609446e-07,0.9559591294731188,0.013318534698270245,0.001713679929512117,0.0012075959402820856,0.004197175560803734,5.904657453361422e-05,0.019213840189718282,0.003193911447978188,4,Classical,1
erhu_r1,1,Erhu,0.9273766563674618,0.003550680644011527,0.008507839996393256,0.013085888916068737,0.0009564482366748485,4.14080628403593e-05,0.0016070420177636473,0.006258135364406872,0.005217178043337257,0.030570117570273638,0.0028286047807679774,1,Classical,1
guzheng_r1,9,Guzheng,0.0011569775265228561,0.0009809650002650708,0.016872481559257704,0.0024195655457962062,0.0006815694230385609,0.009225108300701957,0.05745934006761053,0.015000713036943891,0.8721452527814357,0.022850205220095163,0.001207821538332292,9,Classical,1
liuqin_r1,8,Liuqin,2.176205254727568e-05,0.00014860658184770098,2.923986071868937e-06,0.0003089086548671107,0.0005870678845754041,0.003415230897943118,0.00035700742927756326,0.9940524629959882,0.00015109449312795413,0.00022135700165340497,0.0007335780221004179,8,Classical,1
pipa_r1,2,Pipa,0.00031460056594915706,0.9811329435598739,0.007351871271133155,0.003525976180919154,0.0006738179061384512,0.0006168694071518265,0.0009850875508805226,0.002423722469492216,0.00015993070897742892,4.9070767885469894e-05,0.002766109611598608,2,Classical,1
sanxian_r1,3,Sanxian,0.0004455739073118517,0.00035260999080477285,0.9591026674368295,8.418711323542939e-07,1.9271724165724395e-06,1.6034901774208907e-06,1.0434116234282855e-05,6.380852350167937e-06,0.00014748753355443581,0.03987829370527896,5.2179923909610374e-05,3,Classical,1
sheng_r1,11,Sheng,0.03424393880660137,0.0009942701871128638,4.81672583115701e-06,0.18701218490813143,0.002640638547193069,0.011826424043592928,0.03988694837288553,0.008535633815394792,0.003990547081910293,0.009698894584916408,0.7011657029264302,11,Classical,1
suona_r1,5,Suona,0.024201300413101427,0.06260310750081445,0.00013627420212275495,0.06363048702190437,0.5467735114574349,0.009647563519228743,0.020931867107874626,0.011825392147296082,0.00015182943869087033,0.007755854667410805,0.252342812524121,5,Classical,1
yangqin_r1,10,Yangqin,0.003483656123461924,0.0001578806465154803,0.04717740628480123,0.00022503223730997065,3.560189500290048e-05,0.00010153000324529409,0.0024040789199919316,7.849710242729766e-05,0.029080096112084713,0.9164376278973391,0.0008185927778200928,10,Classical,1
zhongruan_r1,7,Zhongruan,2.5410120605774986e-06,1.749822867052774e-05,2.859612992329291e-05,0.0004515061395978024,1.3519057715092219e-05,7.347618566300689e-06,0.988734543954689,0.0012600789883605934,0.00796737503275672,0.0014436249180615863,7.336891959852154e-05,7,Classical,1
zhuiqin_r1,6,Zhuiqin,0.0004317113221456551,0.0003616331228670749,2.306427043460542e-06,0.0013247110505209866,0.011169532298982005,0.903935634320972,0.0007164458815360654,0.0015513366579732316,7.906233606601333e-06,5.633420225003761e-05,0.08044244848210286,6,Classical,1
dizi_r2,4,Dizi,0.002234110511523818,0.0019576014897950606,2.0584209705080107e-06,0.9779543489612955,0.007819334773769351,0.0010641840107902861,0.0013634753008743266,0.0012832396650815363,0.00032603101518679226,6.770424802082214e-05,0.0059279116026921255,4,Classical,2
erhu_r2,1,Erhu,0.959264458925666,0.0008978405615834308,0.0008806117342796071,0.0014381464709376508,0.0004287701738196491,1.526258164469035e-05,0.0005314411022227378,0.0014527291034224486,0.0005366577926571332,0.032723855599521255,0.001830225954245387,1,Classical,2
guzheng_r2,9,Guzheng,4.887306866728639e-05,1.5614679444523772e-05,6.4670062495416e-05,4.1759522022795214e-05,5.0923220485335315e-06,3.7144205298555874e-05,0.0022980592806053665,0.000495278013948201,0.9913324310495327,0.0051523742421422155,0.0005087035537942809,9,Classical,2
liuqin_r2,8,Liuqin,0.004785802175946889,0.001648384218596808,9.410685966182615e-05,0.0005825256856403574,0.0003628489815349021,0.0003063912034004758,0.003955167633421595,0.8869324576942309,0.03406062748002508,0.0004852959221054987,0.06678639214543561,8,Classical,2
pipa_r2,2,Pipa,0.0019708964891141582,0.9553343209955539,0.0037065180652871635,0.000305417007597109,0.0002052353954386025,0.0001148893023834014,0.001489137182231281,0.02672304206626719,0.0020471747011546544,0.001194659693395478,0.006908709101577148,2,Classical,2
sanxian_r2,3,Sanxian,0.00038938870485380326,0.0012688516898561623,0.9792919180768,1.1624280318576552e-06,7.338396686037704e-06,2.4360285317454475e-07,1.9243105214518547e-05,2.469577347394455e-05,0.0033353390378772297,0.015627394911316567,3.4424273036526664e-05,3,Classical,2
sheng_r2,11,Sheng,0.0013729237858308833,0.008708287648795294,0.00011762600434254291,0.04555468204504247,0.013388885042831445,0.018504080511954395,0.003881134913208665,0.003485935906387596,0.0001179033269568094,0.0006222268807224439,0.9042463139339274,11,Classical,2
suona_r2,5,Suona,0.00043844769790675676,0.00016057791725292877,1.70086154226434e-07,0.09207463454671325,0.9043322775412213,0.0018277692275147348,7.056466981465246e-06,3.811392094221215e-05,5.6782325928597e-07,8.899458140723538e-05,0.0010313901906465976,5,Classical,2
yangqin_r2,10,Yangqin,0.007805740840402346,0.0006882534656747778,0.022133775106925973,0.0006704000060087027,0.00016072472672254691,2.1200345656104386e-05,0.0019329134937268208,0.00013789983632289308,0.01696201149963408,0.9416462363353896,0.007840844343536222,10,Classical,2
zhongruan_r2,7,Zhongruan,0.0009296784080702953,0.0023854978000247993,7.919099234583755e-05,0.002542735270302122,0.005351614431692413,0.004870433406086319,0.9546409944982779,0.0029597006980268993,0.003933980977020323,0.009143182367753563,0.013162991150399577,7,Classical,2
zhuiqin_r2,6,Zhuiqin,4.519703780487315e-05,7.615290040845506e-05,4.666365807515236e-05,0.0011388108520928308,0.0031195601571596993,0.9426889671794039,0.0001556102007457894,0.0019460908959979348,0.0001054367200142236,0.00014546154599637807,0.05053204885230084,6,Classical,2
dizi_r3,4,Dizi,0.00016327749075307097,0.008948614234505313,2.129054771432423e-06,0.9617415359422383,0.011443202793694268,0.0005293714543158573,0.0003085596530516845,9.149980772051359e-05,1.0960597972472613e-05,0.0009154578114503318,0.015845391159526684,4,Classical,3
erhu_r3,1,Erhu,0.977200691975303,0.000925836721049914,0.00040054709791278813,0.0001845034588811635,0.001353136067245509,2.975053961748522e-05,0.00030397881962857296,0.0005588505461904732,0.0010113635219605533,0.00864586769734658,0.009385473554863888,1,Classical,3
guzheng_r3,9,Guzheng,0.0005384056467729718,2.954852604285892e-05,0.0006372283516061981,6.608588972038556e-06,1.349835951546222e-06,3.2530475018023103e-06,0.0019839589932160533,0.0004262374314432825,0.988412564864832,0.007920608422689972,4.0236290971148826e-05,9,Classical,3
liuqin_r3,8,Liuqin,0.003839518712162188,0.07164344727973172,0.0004921773956149645,0.00021337375565915793,0.00025097835039429556,0.00011108482419755609,0.013266585182671153,0.8864290259323303,0.0009800841091917854,4.236240752642912e-05,0.02273136205052053,8,Classical,3
pipa_r3,2,Pipa,0.004773811787009539,0.9325026998582164,0.012708292801444473,0.009777916181686263,0.014005202405173505,0.01161599306529226,0.001856910974777663,0.008021703744073528,0.00011658814955065027,0.000707748781248806,0.003913132251526935,2,Classical,3
sanxian_r3,3,Sanxian,0.0005138973552187015,0.0010050753922732723,0.9811022475723707,2.8297444347001975e-06,4.979283244210146e-06,1.410382496414208e-06,7.085268494896464e-05,2.3571893428593004e-05,0.0006853527518728062,0.01650911785929879,8.066508041286353e-05,3,Classical,3
sheng_r3,11,Sheng,0.00013564258041760344,0.012494290658943887,1.0950499900581112e-05,0.004578119404285626,0.00800549363043926,0.011419122338099866,7.111886300548488e-05,0.005217965793325162,0.00011702437802277625,0.005740191067422221,0.9522100807861376,11,Classical,3
suona_r3,5,Suona,0.00018064639774255522,0.0012377535230773487,4.803321348005259e-07,0.04159158455357267,0.9440745050243211,0.004191456779282858,0.0008559439019925522,0.0015339972589189911,3.4892494617461874e-05,0.0002000012798078399,0.006098738454531963,5,Classical,3
yangqin_r3,10,Yangqin,0.0045283676731333825,0.0034866870037363403,0.003989487941101207,0.00024147913809593173,0.004869508129705465,5.601185253431118e-06,0.003253170205556682,0.005677713216842773,0.0014666367250322462,0.9560606218971957,0.016420726884346905,10,Classical,3
zhongruan_r3,7,Zhongruan,0.00018707931368365939,0.0030108801033646698,8.079321892473638e-05,0.0001074863645733664,1.307431115283344e-05,1.5592187241032807e-05,0.9382013823366547,0.017848307233547345,0.0022305410715651886,0.002075849313105952,0.0362290145461865,7,Classical,3
zhuiqin_r3,6,Zhuiqin,3.757466225154939e-05,0.0005149597766902207,7.057986042285222e-05,0.0022954950347535146,0.0017509602885917822,0.988387583663419,0.0009176474956664498,0.0006743711599031752,0.0017025395735152302,2.15625157867585e-05,0.003626725968999578,6,Classical,3
dizi_r4,4,Dizi,0.002567360423643598,0.022601890353198192,6.719071869721986e-05,0.9074630863822455,0.03650003779957698,0.011559829124573467,0.004003722643133952,0.0061455892759156635,0.0014656824249398232,0.00018818519976644826,0.00743742565430916,4,Classical,4
erhu_r4,1,Erhu,0.9765160944427237,0.0005202442516910478,0.0002067585717415752,0.0001793636158885804,0.0018504937040031248,1.5059334887873057e-06,1.4339695405258352e-05,0.00026045761415658455,2.8657054864287033e-05,0.020034275852783723,0.00038780926325337014,1,Classical,4
guzheng_r4,9,Guzheng,0.0035988040215151136,5.518676969094657e-05,0.004010526950982814,0.0002984312288161157,2.2859193691463018e-05,7.937686386901339e-05,0.0010677704788966654,0.0018893936835493756,0.9371204444431387,0.05159472038144551,0.0002624859844042962,9,Classical,4
liuqin_r4,8,Liuqin,0.00013888478469626725,0.05308985384302881,6.89947734900643e-05,0.0016016615157127094,0.0022957392504530565,0.011047532168143899,0.007706415420271835,0.921448202140002,0.0010639854983128128,2.4963453445101923e-05,0.0015137671524434206,8,Classical,4
pipa_r4,2,Pipa,0.0007728139147783495,0.9098152884396314,0.017226132215807342,0.00019935119424461958,0.0006424733305265368,0.00137511301331696,0.0025645837758904023,0.010541122508325071,0.00010283431144260514,0.004938656132863487,0.05182163116317323,2,Classical,4
sanxian_r4,3,Sanxian,0.0008486368151809013,0.0025338329851592985,0.9838612175483521,5.50165065075443e-06,1.1100170414181338e-05,2.5059539177247576e-06,0.00036427698484782256,9.531833590265516e-05,0.002077815265791515,0.009902712770318591,0.0002970815194646417,3,Classical,4
sheng_r4,11,Sheng,0.001097098942092031,0.00021355533772479606,7.281662399719948e-08,0.036281417048946246,0.01252963496676212,0.001297372768359889,3.141287461388651e-05,0.001940955159619427,1.3666662701543755e-05,0.0016388705092689841,0.9449559429132871,11,Classical,4
suona_r4,5,Suona,0.0004247178459621217,0.0005976455430439999,4.038667761950714e-07,0.003864363975896284,0.9921283229287398,0.00044498701903459973,9.211617880383957e-05,0.00022155732040717613,3.6276864092538305e-06,0.0003313895031686896,0.0018908681317580428,5,Classical,4
yangqin_r4,10,Yangqin,0.026850615970202704,0.0008659975206611191,0.06357141912298553,0.0013078208562330093,0.0002497167371138947,5.527196865821358e-05,0.004736646383465017,0.0011064876640190866,0.04996459093219044,0.8459463586667633,0.005345074177707775,10,Classical,4
zhongruan_r4,7,Zhongruan,5.407975981646513e-05,0.0003253961553891343,8.113277055624135e-06,4.5332666874762686e-05,3.053727448078755e-06,3.857142122525765e-06,0.9894809098123808,0.0033024508350123676,0.000620897648678142,0.0005929306447596599,0.005562978330462423,7,Classical,4
zhuiqin_r4,6,Zhuiqin,1.793534419211484e-06,2.7675307147061635e-05,3.702576165969525e-05,0.00010807845516315996,0.00041012700513366507,0.996517743830518,1.8435261952350797e-05,6.837431294877886e-05,0.001458286974555371,2.7575949857040267e-06,0.0013497019615169466,6,Classical,4
dizi_r5,4,Dizi,0.0002551197397093349,4.8779466778728864e-05,1.5885158882548874e-08,0.7589669696727196,0.04816353611938282,0.0006173527537391044,0.0008973473916036823,0.006247038848425872,0.00011831026317931682,0.0004343291013408802,0.1842512007579617,4,Classical,5
erhu_r5,1,Erhu,0.9974566029910711,7.783386235878757e-05,9.217321801379617e-05,4.8085763293023084e-05,0.00015675902197311107,7.206669217559087e-06,9.378470422037367e-06,0.00013596091914039844,0.0002287001284193093,0.0013859029477045607,0.0004013960083863449,1,Classical,5
guzheng_r5,9,Guzheng,0.0008463260587475252,0.00023713284674778154,0.0016679193825649865,0.0003704176571816167,2.5156447509356318e-05,0.00016954835553892176,0.00045933903902571085,0.004505749794182606,0.9855429012276341,0.006120575350444606,5.493384042275691e-05,9,Classical,5
liuqin_r5,8,Liuqin,0.0002307770199420494,0.019646913813496158,0.0004895910578135337,0.0011568390774296356,0.0006711542068528187,0.008859894397659973,0.0012331205774199561,0.9582409302843162,0.0078113216229364225,0.0015515224610696224,0.00010793548106360807,8,Classical,5
pipa_r5,2,Pipa,0.00047923860039381723,0.9925154422712981,0.001067276067556619,0.000697014014929057,0.0014928482037491662,8.822575875293615e-05,0.0005984944456225147,0.002290026350443113,5.747071506038949e-05,0.0002695398650043443,0.0004444237071899078,2,Classical,5
sanxian_r5,3,Sanxian,0.0002049820683868912,0.02174795709635359,0.971737326291088,7.835290582102036e-06,1.7419076529959843e-05,2.943570787490733e-05,0.00035325948696810584,5.856107894098203e-05,0.0010933584646815198,0.0047351969410371385,1.4668497556806292e-05,3,Classical,5
sheng_r5,11,Sheng,0.005053469653368374,0.10283679875962125,0.018646605789068342,0.0034533397470760353,0.06354256576699578,0.10789065259365531,0.015881874375520598,0.11511950243297123,0.014694739422480922,0.004467763167718458,0.5484126882915237,11,Classical,5
suona_r5,5,Suona,0.0005668134318081997,0.00036088515677991015,5.644404925620749e-07,0.010691357955728011,0.9766209066147883,0.0013334928113340827,0.00011514694143413305,0.0006158920292728733,6.5973322031062895e-06,0.0002927470015802035,0.009395596284578596,5,Classical,5
yangqin_r5,10,Yangqin,0.0286760031463315,0.038195227872125245,0.2305006137113803,0.0001881304813548417,0.011484492745831047,0.00029542698382679667,0.001272044598859851,0.0017944642223541275,0.13832302278775785,0.5067199062179192,0.04255066723225924,10,Classical,5
zhongruan_r5,7,Zhongruan,6.861918838397923e-05,0.0016015700541981402,1.825731523806219e-05,0.000410096239647532,0.0006928632681868312,0.0008433563222592803,0.9634639254678021,0.0006715125507240728,0.019345967438261977,0.012548557282445503,0.0003352748728525394,7,Classical,5
zhuiqin_r5,6,Zhuiqin,2.325161256516257e-06,0.0003472307659230443,5.984587703672019e-06,2.911641113902697e-05,0.00020819274643951946,0.9870075178462555,0.0002004967455088158,0.0004929859352800365,0.00022078324652091997,5.639898620845538e-05,0.011428967567764457,6,Classical,5
dizi_r1,4,Dizi,0.0004609809160616855,1.6904516770357036e-05,4.796726777799504e-05,0.9852401762138551,0.006899707149387935,0.0005553180811552965,6.81128540747889e-05,0.00021318878976891537,2.2260173133458047e-05,0.0001144358614973773,0.006360948176517095,4,MERT-v1-95M,1
erhu_r1,1,Erhu,0.9425723002010777,0.0018307151989525856,0.010592621025048253,0.014461730109888344,0.0009642401371584897,8.658781930854861e-05,0.001115790622113449,0.0014879922628557524,0.018638050328794037,0.007326486884564299,0.0009234854102385717,1,MERT-v1-95M,1
guzheng_r1,9,Guzheng,0.00030003206659068055,0.00022318712566260043,0.0019539629580810824,0.002234191292338918,0.008996066569227655,0.0012227305831950177,0.021625611569418626,0.05680120116257301,0.8657774602069414,0.040031058287704126,0.0008344981782669986,9,MERT-v1-95M,1
liuqin_r1,8,Liuqin,7.774245930492891e-06,0.00010125805845048502,6.282256770319518e-05,0.0002218605970625727,0.00014351136323148325,1.2191364092094384e-05,0.00023595515145464013,0.9985745288821047,3.0459555859088373e-05,7.311796781753622e-06,0.0006023264173295148,8,MERT-v1-95M,1
pipa_r1,2,Pipa,0.00017968217093556973,0.9565396036285561,0.0013723831684369326,0.0002151261903016641,0.0008947927207079271,0.00017071787094641633,0.00043340595045801957,0.0033382428900090946,0.03431664024057645,0.0016691471083519508,0.0008702580607199309,2,MERT-v1-95M,1
sanxian_r1,3,Sanxian,0.0005510578444489965,0.00022491928012109786,0.9984832473536954,1.0248202779410886e-06,4.872065913307679e-06,1.4325321212632208e-06,9.640496506298109e-06,4.662270391791463e-06,5.948510641473714e-05,0.0006591212622352511,5.36967873995491e-07,3,MERT-v1-95M,1
sheng_r1,11,Sheng,0.0006166520190669956,5.358620284110213e-06,4.1771390212184364e-06,0.0075098170147223225,2.4513299681390683e-05,2.4424290821706078e-05,6.517565265406854e-05,0.0016134591953493073,0.00011563261792721041,0.0001486897593150026,0.9898721003911567,11,MERT-v1-95M,1
suona_r1,5,Suona,0.013348181544890796,0.0047775696757312676,0.004744055659116203,0.07565161098894402,0.8318929796367415,0.008103769089248505,0.0050817040476403555,0.0064233045673255445,0.023094088726683493,0.022138452399267528,0.004744283664410759,5,MERT-v1-95M,1
yangqin_r1,10,Yangqin,0.00018974079162223893,9.786673667945139e-06,7.927548997672939e-05,2.8907115552202334e-06,1.633409570395715e-05,0.00011637241746694306,5.87967336080339e-05,8.037307003381301e-07,0.0007377523893512051,0.9987881709914121,7.59749352797304e-08,10,MERT-v1-95M,1
zhongruan_r1,7,Zhongruan,1.4858253459871677e-06,4.212582354037865e-05,2.5076605985099192e-05,9.644844697946824e-07,2.343880171153876e-05,6.091812562803168e-05,0.9986442476142636,6.826658081280683e-05,0.0008901766070393872,0.00024282126811265697,4.782630905926659e-07,7,MERT-v1-95M,1
zhuiqin_r1,6,Zhuiqin,4.1501872689694294e-05,8.879682390433699e-05,4.360689770675282e-05,0.001618865763651596,0.01079792196320882,0.9855088239376717,7.013955367902698e-05,3.854090489969032e-05,4.237332125771981e-05,0.0003427278255631291,0.001406701135767678,6,MERT-v1-95M,1
dizi_r2,4,Dizi,0.0009743762177820863,7.92087558337386e-05,3.872571122104593e-05,0.9971262568428084,0.001259799465330782,9.409003496498909e-05,4.3472135147934375e-05,3.24107857091833e-05,8.608923443805809e-05,3.935399110752841e-05,0.00022621682565634278,4,MERT-v1-95M,2
erhu_r2,1,Erhu,0.9978527507482534,0.00013038665978680884,0.0015966529564786663,8.751196256033432e-05,3.3192646205585254e-05,1.772105061328855e-05,7.692976847072031e-06,1.7014233203123767e-05,5.304092290129943e-05,0.00020362803921261002,4.0780393773531695e-07,1,MERT-v1-95M,2
guzheng_r2,9,Guzheng,1.740002167542286e-05,3.7549823237171665e-05,7.829261609066629e-05,9.473081753741398e-06,6.947659996457315e-05,0.00010804468506038274,0.001063065734452201,8.717679313231295e-05,0.9974945480890403,0.0010327448508286477,2.2277047646137696e-06,9,MERT-v1-95M,2
liuqin_r2,8,Liuqin,0.00011054849570451926,0.0022298643332238164,0.0006433982097876225,0.00014268765864787196,0.0001875588458857003,9.930445705908379e-05,0.0028190425915860465,0.9560960520729412,0.0007198065049327379,4.793269283289648e-05,0.03690380413739853,8,MERT-v1-95M,2
pipa_r2,2,Pipa,0.005296186796990379,0.9354493018262852,0.00884980175347639,5.5073530243346226e-05,0.0002597494725343137,0.0003758702873021011,0.0006649761966304349,0.04842171534630442,0.00035884288349420017,0.00016958710258323763,9.889480415587632e-05,2,MERT-v1-95M,2
sanxian_r2,3,Sanxian,0.0026587549227662906,0.00478302035528805,0.9807902516851547,2.1673516669117103e-06,7.846407505918631e-05,3.0120837500105605e-05,1.7944186980118667e-05,6.733648732458423e-05,0.008397781457209593,0.003168696278714695,5.462362335881986e-06,3,MERT-v1-95M,2
sheng_r2,11,Sheng,1.8460226318716273e-05,6.562043731460472e-05,2.0004993240008988e-05,0.0010996996474607636,0.002472887520568846,0.0004067338014166385,1.8810557481226422e-05,5.6833556261047935e-05,2.543147583658257e-05,3.859136111817275e-05,0.9957769264229833,11,MERT-v1-95M,2
suona_r2,5,Suona,0.0009666068512150704,0.0009849492882768834,0.00013579560354186907,0.026016948390057037,0.9668630991429795,0.002945452706925519,3.8201202901444895e-05,0.0004114783667066477,0.00019672413810917195,0.0006138013664758944,0.0008269429428109482,5,MERT-v1-95M,2
yangqin_r2,10,Yangqin,0.000411965496748155,0.00018992273349034106,0.0015821348640760791,0.00020953792188224484,0.00012714379698693692,5.504641151915944e-05,0.00015927245165910445,1.2137855448561008e-05,0.07956779691300535,0.9176839299102773,1.1116449068949514e-06,10,MERT-v1-95M,2
zhongruan_r2,7,Zhongruan,7.809251936144477e-06,0.0005104550311326649,0.000574048690772277,1.4176249176569514e-05,1.2860883558368978e-05,1.1921154019530731e-05,0.9806281681790459,0.016522086445486705,0.0014632655540556968,8.719986739913913e-06,0.00024648857407626667,7,MERT-v1-95M,2
zhuiqin_r2,6,Zhuiqin,2.234969745749173e-05,6.92109875294124e-05,5.140907404984684e-05,0.0007730923045203276,0.0010627545422192733,0.9939870604371052,5.285664752398413e-05,4.258866130608278e-05,3.733921353008675e-05,0.00032362738828881874,0.00357771104646947,6,MERT-v1-95M,2
dizi_r3,4,Dizi,6.39768651667642e-05,3.4938701214624e-05,7.666040079022685e-06,0.9980419363513445,0.0007878943598554523,7.720694007243504e-05,6.04394508606705e-06,2.0761007984020563e-05,7.198609751393193e-06,1.1989713799713078e-05,0.0009403874656460842,4,MERT-v1-95M,3
erhu_r3,1,Erhu,0.9983881192341536,0.00013001672036996065,2.981891515881445e-05,0.00019961400717934802,0.00037853924661167043,2.873109966173705e-05,7.028041466150764e-06,1.1181894130198506e-05,1.2677978774036669e-05,9.941923726261039e-05,0.0007148536252318056,1,MERT-v1-95M,3
guzheng_r3,9,Guzheng,0.002228458063728182,0.00011695838982301179,0.0011241645664546338,1.537451875723816e-05,0.00011511726117138794,5.154569028410435e-06,0.00013658391917877323,3.415226740247647e-05,0.9955916970175853,0.0005702144306411644,6.212499622935661e-05,9,MERT-v1-95M,3
liuqin_r3,8,Liuqin,0.0018869977731872246,0.08381359071696906,0.0009785027778209316,4.125693091749741e-05,0.0005522046539593456,0.00014421762637849386,0.0032536892611521482,0.9087758611257383,0.00016819808997341556,2.0021846374773737e-05,0.00036545919752884744,8,MERT-v1-95M,3
pipa_r3,2,Pipa,0.00026393925699941907,0.9970428601385624,0.0006712351389150297,0.0001188310884248415,0.0007910120529465815,0.00016446536939851582,0.00020998032349212563,0.0005072948538650924,2.273122355168005e-05,3.337206266129726e-05,0.00017427849118307665,2,MERT-v1-95M,3
sanxian_r3,3,Sanxian,0.0003817789375517894,0.00010807233326315419,0.9990709052551809,1.2445319763352258e-06,3.903246716789845e-06,4.23796129421418e-06,1.4034049770609658e-05,7.384400058704199e-06,0.00012159272976245673,0.00028641525373869004,4.313006862266229e-07,3,MERT-v1-95M,3
sheng_r3,11,Sheng,8.332788463338312e-05,0.0002174059984911053,6.663201733322764e-05,0.005618967341561037,0.0019429452501472106,0.00033431318394800443,2.073408966636107e-05,0.004569432625812002,8.695477064323135e-05,5.587477597352218e-05,0.9870034120617909,11,MERT-v1-95M,3
suona_r3,5,Suona,0.00020159412153175055,7.182289765535537e-05,4.294479900285808e-05,0.0036199157429831486,0.9891469304765992,0.0007085222045765202,3.53233738426687e-05,0.0008371727712395172,1.9721492123302785e-05,3.434421617823134e-05,0.00528170790426748,5,MERT-v1-95M,3
yangqin_r3,10,Yangqin,0.0004424136400215812,8.203724134108237e-05,0.0002660841669019264,7.281247932014004e-06,2.0248752732105166e-05,5.44082937602649e-05,6.11349238242761e-06,1.7107515158272045e-06,0.0001856257855112636,0.9989287136128673,5.3630150341617946e-06,10,MERT-v1-95M,3
zhongruan_r3,7,Zhongruan,3.7083991585414104e-05,0.0001076213497760804,0.00017037078462334778,2.3443966547743245e-05,2.8954413073071725e-06,0.00021788776725142482,0.9973429173921269,0.0010777204215226513,0.0007340037333947472,0.00010306543479940491,0.00018298971706489636,7,MERT-v1-95M,3
zhuiqin_r3,6,Zhuiqin,3.4349804731395766e-06,0.00012066713657821475,2.4987808737409333e-05,0.00010808179968291472,0.000337846509129859,0.999213059402505,1.5689347213557356e-05,1.975672367837643e-05,5.092496459814914e-05,2.0462915642405733e-05,8.508841176090584e-05,6,MERT-v1-95M,3
dizi_r4,4,Dizi,0.009827304370041251,0.025695017393853443,0.00032744311498802677,0.950119519383452,0.00900101219963582,0.00014709883645996755,0.00018385157193080007,0.00022666392023358548,8.132439491058123e-05,0.000695163654886078,0.0036956011596084555,4,MERT-v1-95M,4
erhu_r4,1,Erhu,0.9952777506238363,0.0012548148270588532,0.00010284045133740485,0.0009998057762189648,0.0013711533908915825,8.00775002406542e-06,2.7515077321437575e-06,9.461540224864901e-06,3.5985489800402435e-06,0.0009696046975066558,2.108861891891031e-07,1,MERT-v1-95M,4
guzheng_r4,9,Guzheng,0.005850860280002063,0.0002636940094864817,0.002936353361650579,6.8260110183716276e-06,0.0005685482019372315,0.0002639682470002835,0.0002454777362337814,0.00024375850729172299,0.981685310679347,0.007929639306811346,5.563659221080565e-06,9,MERT-v1-95M,4
liuqin_r4,8,Liuqin,0.0005436072645429984,0.06727331466830162,0.0004398930926793057,0.005536587476094894,0.0057330694663643945,0.0018646140451000321,0.008430644826736984,0.8984710719459662,0.005403830656098849,0.0005452873233358824,0.005758079234778846,8,MERT-v1-95M,4
pipa_r4,2,Pipa,0.0006706142814814548,0.9876733154337813,0.0005387766373610293,3.0298854240840733e-05,0.0006423440225947491,0.0002182365417860856,8.596124388100616e-05,0.006211889609311496,9.07541289727758e-05,0.0016368616627622328,0.002200947583827043,2,MERT-v1-95M,4
sanxian_r4,3,Sanxian,0.00019921339055473575,0.001047670418052474,0.998336598648477,3.845494773591823e-06,2.238617143437938e-06,6.074923131568193e-06,4.901491267702832e-05,9.44503470188812e-05,0.00013061325867282585,0.00012968701676335694,5.929727351590165e-07,3,MERT-v1-95M,4
sheng_r4,11,Sheng,0.0007327204931690472,3.7979127561780403e-05,3.943349516152658e-05,0.007127965321578985,0.010654054337968316,0.0018037274440240387,2.5530553521848102e-05,0.0035373012047591242,0.00045636770916325617,0.00020967968273078545,0.9753752406303613,11,MERT-v1-95M,4
suona_r4,5,Suona,2.8604181871529697e-05,3.088887489334528e-05,5.072077889467793e-06,0.0010407807397495707,0.9975189337483664,0.00013445671557757343,1.5654911734717034e-05,6.601015440925037e-05,2.245537729091359e-05,6.723075182573283e-05,0.001069912466391547,5,MERT-v1-95M,4
yangqin_r4,10,Yangqin,0.0018439684003065783,0.00010117091769082931,0.0013560588803351048,4.121663305774561e-05,0.0008185033671993352,0.00030453688521077686,0.00033788747119833034,7.15577258968639e-06,0.004861429490522299,0.9903272910478411,7.81134048248307e-07,10,MERT-v1-95M,4
zhongruan_r4,7,Zhongruan,0.00020525818453615105,0.0003222628819719358,0.0003380552531913668,3.219275316138716e-06,1.86747361649283e-05,6.331425981829832e-05,0.9766369678469243,0.020420451951999263,0.0015759596792199529,0.00033876419948488426,7.707173137268947e-05,7,MERT-v1-95M,4
zhuiqin_r4,6,Zhuiqin,4.2479549657315746e-07,9.194561911816418e-05,1.584846103616305e-05,5.271994247707715e-05,0.00017376017614647134,0.9994986243267132,1.612145585928595e-05,1.2753405007207772e-05,5.237864579230292e-05,1.0850114481142015e-05,7.457305787241975e-05,6,MERT-v1-95M,4
dizi_r5,4,Dizi,0.002670678629352978,4.467933154540968e-06,7.783458601726031e-05,0.9219102681596113,0.039283496378252035,0.008874136133670414,0.0007807176434275948,0.001772150426870595,0.0005142892539033834,0.0005810874261912372,0.02353087342954874,4,MERT-v1-95M,5
erhu_r5,1,Erhu,0.9986670491379717,3.267733925890459e-05,0.00015806020079407385,0.00031580958851138287,8.494463836347588e-05,2.5979266101616066e-06,6.365347679494432e-06,1.2998402288679646e-05,8.061555928302e-05,0.0006376190774462231,1.2627817929874257e-06,1,MERT-v1-95M,5
guzheng_r5,9,Guzheng,0.00029236381465937015,0.00046998192225960366,0.001571920042877167,2.534477289551389e-06,0.00025404333952707347,1.300353470284972e-05,0.0030260234819287405,1.4535823673719647e-05,0.9935265474415906,0.0008286005797836949,4.4554170750672756e-07,9,MERT-v1-95M,5
liuqin_r5,8,Liuqin,0.0006205784361678722,0.037282883624158436,0.007146830875481353,0.00022666686190800093,0.0007700553666031474,0.012943798290464147,0.033433904752559036,0.8542423623932472,0.050444200392330066,0.0015691970566945657,0.001319521950386081,8,MERT-v1-95M,5
pipa_r5,2,Pipa,3.3725573382235605e-05,0.9994631629724439,0.00018895172231569933,1.3160661083033763e-05,2.745743862215928e-05,5.670349328982624e-06,2.445812812257462e-05,7.361374533454925e-05,9.670259402133806e-05,4.4569723291597635e-05,2.8527092053919744e-05,2,MERT-v1-95M,5
sanxian_r5,3,Sanxian,8.490794368633152e-05,0.0063718292050897385,0.9926620290522832,2.7506509794389832e-06,5.735285065007293e-06,6.037013607418169e-06,0.00033857785989049985,6.937057173928849e-05,0.00025291263492964444,0.00020565619783888777,1.9358489056361696e-07,3,MERT-v1-95M,5
sheng_r5,11,Sheng,0.00037777183912969764,0.020508694810444726,0.033826899222746835,0.001666134514320648,0.020838598199185702,0.0017716573883431368,0.0050181205258148604,0.03156232218654538,0.01144485867737274,0.00017770494947705367,0.8728072376866193,11,MERT-v1-95M,5
suona_r5,5,Suona,6.925630695950227e-06,9.959686233943889e-06,2.5766226475802202e-06,9.852491660619624e-05,0.999639065467967,7.933870432238808e-05,1.4989592117400746e-06,5.709942115264736e-05,1.9886628146307195e-06,1.3798444308881515e-05,8.922348403907923e-05,5,MERT-v1-95M,5
yangqin_r5,10,Yangqin,0.030464590217285953,0.020696142661411863,0.0495366555890482,0.0016917583941800213,0.016910128798219338,0.0004700332745424474,0.00018666769554800378,0.0007284731357193443,0.19884107517536784,0.6798215149406828,0.0006529601179941591,10,MERT-v1-95M,5
zhongruan_r5,7,Zhongruan,3.1959754613852935e-06,0.00013388543516874222,8.231547845210476e-05,2.9294516211404646e-06,7.2806263097375275e-06,9.671592268882492e-05,0.9918111939198694,0.0006718444911400389,0.006338695653216465,0.0008490688515865949,2.8741944856551463e-06,7,MERT-v1-95M,5
zhuiqin_r5,6,Zhuiqin,4.419910057219929e-06,6.464226280519431e-05,0.0001241204739217838,2.5352120400106552e-05,3.4774745238056964e-05,0.9994268895838064,1.384378518703775e-05,4.373325141706188e-06,1.0498093812514004e-06,0.0001484739900366689,0.00015205999402456352,6,MERT-v1-95M,5
