representation,feature_dimension,fold,test_recording_number,label_budget,training_recording_numbers,combination_index,segment_accuracy,segment_macro_f1,recording_accuracy,recording_macro_f1,training_seconds,inference_seconds,train_segments,test_segments,train_recordings,test_recordings
Classical,64,1,1,1,2,1,0.8482142857142857,0.8796589056305141,1.0,1.0,0.009991460000037478,0.0007599279999794817,162,224,11,11
Classical,64,1,1,1,3,2,0.7589285714285714,0.7543884212307188,0.9090909090909091,0.8787878787878788,0.006743178000078842,0.0006603299998459988,241,224,11,11
Classical,64,1,1,1,4,3,0.9017857142857143,0.9140844862416635,1.0,1.0,0.006335202999935063,0.0005316489998676843,190,224,11,11
Classical,64,1,1,1,5,4,0.78125,0.7771568651233907,0.9090909090909091,0.8787878787878788,0.006513827999924615,0.0005836959999214741,171,224,11,11
Classical,64,1,1,2,2+3,1,0.8660714285714286,0.8691896290337422,1.0,1.0,0.010403892000113046,0.0006578669999726117,403,224,22,11
Classical,64,1,1,2,2+4,2,0.9642857142857143,0.9663455135843217,1.0,1.0,0.007658907999939402,0.0005424460000540421,352,224,22,11
Classical,64,1,1,2,2+5,3,0.8526785714285714,0.8529733394773423,0.9090909090909091,0.8787878787878788,0.009690122999927553,0.0005736810001053527,333,224,22,11
Classical,64,1,1,2,3+4,4,0.8705357142857143,0.8868841359097283,1.0,1.0,0.007601673000181108,0.0005364169999211299,431,224,22,11
Classical,64,1,1,2,3+5,5,0.8214285714285714,0.797191329235923,0.9090909090909091,0.8787878787878788,0.008689197000194326,0.0005413240000962105,412,224,22,11
Classical,64,1,1,2,4+5,6,0.9107142857142857,0.9148963463465759,1.0,1.0,0.009214887999860366,0.0006767449999642849,361,224,22,11
Classical,64,1,1,3,2+3+4,1,0.9464285714285714,0.9495540978764138,1.0,1.0,0.020647757000006095,0.0006449369998335897,593,224,33,11
Classical,64,1,1,3,2+3+5,2,0.9017857142857143,0.9063654806141005,1.0,1.0,0.012594833999855837,0.0009153490000244346,574,224,33,11
Classical,64,1,1,3,2+4+5,3,0.9375,0.9341635999506829,1.0,1.0,0.010853268999881038,0.0005568569999923056,523,224,33,11
Classical,64,1,1,3,3+4+5,4,0.8794642857142857,0.8939632385005968,1.0,1.0,0.013055047000079867,0.0005739119999361719,602,224,33,11
Classical,64,1,1,4,2+3+4+5,1,0.9330357142857143,0.9400753127408474,1.0,1.0,0.01374161700005061,0.0006941299998288741,764,224,44,11
Classical,64,2,2,1,1,1,0.9197530864197531,0.9178515382637414,1.0,1.0,0.008986208000123952,0.0006809710000652558,224,162,11,11
Classical,64,2,2,1,3,2,0.9382716049382716,0.9415976659378417,1.0,1.0,0.007375476999868624,0.0006072920000406157,241,162,11,11
Classical,64,2,2,1,4,3,0.8703703703703703,0.8800383326883661,1.0,1.0,0.006496082000012393,0.0005920280000282219,190,162,11,11
Classical,64,2,2,1,5,4,0.8950617283950617,0.8943459446257346,1.0,1.0,0.007399211999882027,0.0006049080000138929,171,162,11,11
Classical,64,2,2,2,1+3,1,0.9814814814814815,0.9856546190857042,1.0,1.0,0.009434834999865416,0.0005443679999643791,465,162,22,11
Classical,64,2,2,2,1+4,2,0.9382716049382716,0.9447803168166413,1.0,1.0,0.009308015999977215,0.000634682000054454,414,162,22,11
Classical,64,2,2,2,1+5,3,0.9444444444444444,0.9536852072535921,1.0,1.0,0.010867791999999099,0.000591378000081022,395,162,22,11
Classical,64,2,2,2,3+4,4,0.9567901234567902,0.9575228025817946,1.0,1.0,0.008959197999956814,0.0005920390001392661,431,162,22,11
Classical,64,2,2,2,3+5,5,0.9567901234567902,0.962527454015197,1.0,1.0,0.00881243000003451,0.0005650079999668378,412,162,22,11
Classical,64,2,2,2,4+5,6,0.9259259259259259,0.9341435900053341,1.0,1.0,0.007896831999914866,0.0005753339999046148,361,162,22,11
Classical,64,2,2,3,1+3+4,1,0.9876543209876543,0.990521149451126,1.0,1.0,0.024186639000163268,0.0009097500001189474,655,162,33,11
Classical,64,2,2,3,1+3+5,2,0.9753086419753086,0.9765409257614845,1.0,1.0,0.014427494999836199,0.0007431630001519807,636,162,33,11
Classical,64,2,2,3,1+4+5,3,0.9506172839506173,0.9604899872846571,1.0,1.0,0.01395262999994884,0.0006653670000105194,585,162,33,11
Classical,64,2,2,3,3+4+5,4,0.9506172839506173,0.9604386866927382,1.0,1.0,0.01288226100018619,0.0005894349999380211,602,162,33,11
Classical,64,2,2,4,1+3+4+5,1,0.9691358024691358,0.9741880368874148,1.0,1.0,0.03202110900019761,0.0007151410000005853,826,162,44,11
Classical,64,3,3,1,1,1,0.9128630705394191,0.9048935145041472,1.0,1.0,0.01567787099997986,0.0007114260001799266,224,241,11,11
Classical,64,3,3,1,2,2,0.9294605809128631,0.9314949153618854,1.0,1.0,0.007542844999989029,0.0006183380000948091,162,241,11,11
Classical,64,3,3,1,4,3,0.9543568464730291,0.9457477171034523,1.0,1.0,0.006530042999884245,0.0006873710001400468,190,241,11,11
Classical,64,3,3,1,5,4,0.8506224066390041,0.8652501789119055,1.0,1.0,0.022071890999995958,0.0007100840000475728,171,241,11,11
Classical,64,3,3,2,1+2,1,0.9585062240663901,0.9535144458776563,1.0,1.0,0.010377242000004117,0.0006687220000003435,386,241,22,11
Classical,64,3,3,2,1+4,2,0.9626556016597511,0.9627936866446184,1.0,1.0,0.009262429000045813,0.0005769459999100945,414,241,22,11
Classical,64,3,3,2,1+5,3,0.9253112033195021,0.9340251454356466,1.0,1.0,0.009903038999937053,0.0005299070001001382,395,241,22,11
Classical,64,3,3,2,2+4,4,0.979253112033195,0.9749756875559186,1.0,1.0,0.007016905000000406,0.0005504570001448883,352,241,22,11
Classical,64,3,3,2,2+5,5,0.9336099585062241,0.9397551421607017,1.0,1.0,0.026806238000062876,0.0006570450000253913,333,241,22,11
Classical,64,3,3,2,4+5,6,0.979253112033195,0.9750682213041689,1.0,1.0,0.00705767499994181,0.0005135920000611804,361,241,22,11
Classical,64,3,3,3,1+2+4,1,0.9875518672199171,0.983320158102767,1.0,1.0,0.013650270999960412,0.0007784659999288124,576,241,33,11
Classical,64,3,3,3,1+2+5,2,0.9543568464730291,0.9578875483828395,1.0,1.0,0.01262105299997529,0.00068230300007599,557,241,33,11
Classical,64,3,3,3,1+4+5,3,0.966804979253112,0.9703826194509425,1.0,1.0,0.017624699999942095,0.0006216320000476117,585,241,33,11
Classical,64,3,3,3,2+4+5,4,0.983402489626556,0.9783202789810055,1.0,1.0,0.02033639499995843,0.0006434049998915725,523,241,33,11
Classical,64,3,3,4,1+2+4+5,1,0.983402489626556,0.9853239965609304,1.0,1.0,0.016003563999902326,0.000753447999841228,747,241,44,11
Classical,64,4,4,1,1,1,0.9105263157894737,0.8996995993803008,1.0,1.0,0.011097712000037063,0.0006642460000421124,224,190,11,11
Classical,64,4,4,1,2,2,0.8842105263157894,0.8882119651339014,1.0,1.0,0.010046571999964726,0.0005561059999763529,162,190,11,11
Classical,64,4,4,1,3,3,0.9157894736842105,0.8927163878608847,1.0,1.0,0.024278016000153002,0.0006399589999546151,241,190,11,11
Classical,64,4,4,1,5,4,0.8263157894736842,0.8360804901081837,1.0,1.0,0.00651643200012586,0.0005938920000971848,171,190,11,11
Classical,64,4,4,2,1+2,1,0.9473684210526315,0.9464493399493318,1.0,1.0,0.015154874000018026,0.0006031450000136829,386,190,22,11
Classical,64,4,4,2,1+3,2,0.9736842105263158,0.9646722431290804,1.0,1.0,0.016951251000136836,0.0005956649999916408,465,190,22,11
Classical,64,4,4,2,1+5,3,0.9210526315789473,0.9245657507330912,1.0,1.0,0.0402046290000726,0.0012865990001955652,395,190,22,11
Classical,64,4,4,2,2+3,4,0.9526315789473684,0.9423853248437272,1.0,1.0,0.01635922200011919,0.0007008400000358961,403,190,22,11
Classical,64,4,4,2,2+5,5,0.9157894736842105,0.9237174140507853,1.0,1.0,0.02352860300015891,0.0008747790000143141,333,190,22,11
Classical,64,4,4,2,3+5,6,0.9578947368421052,0.9551913365713328,1.0,1.0,0.0273962629999005,0.0007837829998607049,412,190,22,11
Classical,64,4,4,3,1+2+3,1,0.9631578947368421,0.9553852567471808,1.0,1.0,0.021805446000144002,0.0006960230000458978,627,190,33,11
Classical,64,4,4,3,1+2+5,2,0.9421052631578948,0.9472818047428357,1.0,1.0,0.021811974999991435,0.0010522919999402802,557,190,33,11
Classical,64,4,4,3,1+3+5,3,0.9736842105263158,0.9704060598929185,1.0,1.0,0.04013784700009637,0.0008022310000797006,636,190,33,11
Classical,64,4,4,3,2+3+5,4,0.9736842105263158,0.9745030522252048,1.0,1.0,0.02280934499981413,0.0007865970001148526,574,190,33,11
Classical,64,4,4,4,1+2+3+5,1,0.9842105263157894,0.9840268617490145,1.0,1.0,0.03603646800002025,0.0011063829999784502,798,190,44,11
Classical,64,5,5,1,1,1,0.7719298245614035,0.7266832562629629,0.8181818181818182,0.7575757575757575,0.01271649500017702,0.0007434540000303969,224,171,11,11
Classical,64,5,5,1,2,2,0.8654970760233918,0.8440797033324206,0.9090909090909091,0.8787878787878788,0.009452480999925683,0.0006960729999718751,162,171,11,11
Classical,64,5,5,1,3,3,0.9239766081871345,0.9246997332321736,1.0,1.0,0.006459057000029134,0.0005776479999894946,241,171,11,11
Classical,64,5,5,1,4,4,0.8362573099415205,0.8179553177231196,0.9090909090909091,0.8787878787878788,0.0068895069998689,0.0007943489999888698,190,171,11,11
Classical,64,5,5,2,1+2,1,0.8538011695906432,0.83397984529091,0.9090909090909091,0.8787878787878788,0.032455384000058984,0.0009033209998960956,386,171,22,11
Classical,64,5,5,2,1+3,2,0.8713450292397661,0.8598541186752598,1.0,1.0,0.009871281999949133,0.0009366199999476521,465,171,22,11
Classical,64,5,5,2,1+4,3,0.8654970760233918,0.8445453251421011,1.0,1.0,0.009759715999962282,0.0005553039998176246,414,171,22,11
Classical,64,5,5,2,2+3,4,0.8947368421052632,0.8819879409179172,1.0,1.0,0.008685572000104003,0.0005787489999420359,403,171,22,11
Classical,64,5,5,2,2+4,5,0.8713450292397661,0.8543113182672273,0.9090909090909091,0.8787878787878788,0.03429178800001864,0.0008839219999572379,352,171,22,11
Classical,64,5,5,2,3+4,6,0.9064327485380117,0.8964766071717943,1.0,1.0,0.008406717999832836,0.000559521000013774,431,171,22,11
Classical,64,5,5,3,1+2+3,1,0.8713450292397661,0.8616973975549431,1.0,1.0,0.014837603000160016,0.0007898520000253484,627,171,33,11
Classical,64,5,5,3,1+2+4,2,0.8654970760233918,0.848021832295079,1.0,1.0,0.011154967000038596,0.0005979669999760517,576,171,33,11
Classical,64,5,5,3,1+3+4,3,0.8947368421052632,0.8862810755536183,1.0,1.0,0.011808918000042468,0.0007156920000852551,655,171,33,11
Classical,64,5,5,3,2+3+4,4,0.8888888888888888,0.8799752931718747,1.0,1.0,0.025229738000007274,0.0008765410000250995,593,171,33,11
Classical,64,5,5,4,1+2+3+4,1,0.8947368421052632,0.8899577463089149,1.0,1.0,0.02464629199994306,0.0010495679998712149,817,171,44,11
MERT-v1-95M,768,1,1,1,2,1,0.9598214285714286,0.9434147740606253,1.0,1.0,0.2365860770000836,0.003774292000116475,162,224,11,11
MERT-v1-95M,768,1,1,1,3,2,0.9196428571428571,0.9109989572670197,1.0,1.0,0.13239621000002444,0.002797270999963075,241,224,11,11
MERT-v1-95M,768,1,1,1,4,3,0.9642857142857143,0.9602889255341935,1.0,1.0,0.5148772929999268,0.0077229930000157765,190,224,11,11
MERT-v1-95M,768,1,1,1,5,4,0.8839285714285714,0.9042604825137837,1.0,1.0,0.14960130700001173,0.009165424000002531,171,224,11,11
MERT-v1-95M,768,1,1,2,2+3,1,0.9598214285714286,0.9471644871644872,1.0,1.0,0.21158881000019392,0.0037329909998788935,403,224,22,11
MERT-v1-95M,768,1,1,2,2+4,2,0.9776785714285714,0.9716903785869302,1.0,1.0,0.18119843099998434,0.007740108999996664,352,224,22,11
MERT-v1-95M,768,1,1,2,2+5,3,0.96875,0.9663528018460039,1.0,1.0,0.17765290899978936,0.003654593999954159,333,224,22,11
MERT-v1-95M,768,1,1,2,3+4,4,0.96875,0.9642845908532736,1.0,1.0,0.22970273600003566,0.0034622090001903416,431,224,22,11
MERT-v1-95M,768,1,1,2,3+5,5,0.9598214285714286,0.9601704924378882,1.0,1.0,0.17754673099989304,0.0035304799998812086,412,224,22,11
MERT-v1-95M,768,1,1,2,4+5,6,0.96875,0.9610712234400389,1.0,1.0,0.18531498199990892,0.007671888000004401,361,224,22,11
MERT-v1-95M,768,1,1,3,2+3+4,1,0.9732142857142857,0.9677020172215197,1.0,1.0,0.281386719000011,0.0035674149999067595,593,224,33,11
MERT-v1-95M,768,1,1,3,2+3+5,2,0.9642857142857143,0.9604818576387757,1.0,1.0,0.21010209900009613,0.003197616000079506,574,224,33,11
MERT-v1-95M,768,1,1,3,2+4+5,3,0.9776785714285714,0.9716903785869302,1.0,1.0,0.21975163600018277,0.013795728000104646,523,224,33,11
MERT-v1-95M,768,1,1,3,3+4+5,4,0.9642857142857143,0.9604818576387757,1.0,1.0,0.20568022899988136,0.007470748000059757,602,224,33,11
MERT-v1-95M,768,1,1,4,2+3+4+5,1,0.96875,0.9645733968968936,1.0,1.0,0.20948432599993794,0.0018004319999818108,764,224,44,11
MERT-v1-95M,768,2,2,1,1,1,0.9197530864197531,0.9143267732567497,1.0,1.0,0.16197869400002674,0.0037024660000497533,224,162,11,11
MERT-v1-95M,768,2,2,1,3,2,0.9814814814814815,0.9777254373936078,1.0,1.0,0.12075939199985442,0.0015819979998923372,241,162,11,11
MERT-v1-95M,768,2,2,1,4,3,0.8703703703703703,0.8803393862306872,0.9090909090909091,0.8787878787878788,0.3414118249997955,0.0016281469997920794,190,162,11,11
MERT-v1-95M,768,2,2,1,5,4,0.9382716049382716,0.9285179512039767,1.0,1.0,0.09128710100003445,0.0020143199999438366,171,162,11,11
MERT-v1-95M,768,2,2,2,1+3,1,0.9938271604938271,0.9932139932139932,1.0,1.0,0.20325902600006884,0.003581015000008847,465,162,22,11
MERT-v1-95M,768,2,2,2,1+4,2,0.9444444444444444,0.9486703772418058,0.9090909090909091,0.8787878787878788,0.23360884299995632,0.003613093000012668,414,162,22,11
MERT-v1-95M,768,2,2,2,1+5,3,0.9629629629629629,0.9657343447646286,1.0,1.0,0.2523473809999359,0.0016614060000392783,395,162,22,11
MERT-v1-95M,768,2,2,2,3+4,4,0.9938271604938271,0.9956685401949156,1.0,1.0,0.4107927750001181,0.0015136470001380076,431,162,22,11
MERT-v1-95M,768,2,2,2,3+5,5,0.9938271604938271,0.9956685401949156,1.0,1.0,0.1678446610001174,0.003632472000163034,412,162,22,11
MERT-v1-95M,768,2,2,2,4+5,6,0.9506172839506173,0.9573116701685925,1.0,1.0,0.20029024900009063,0.0037058599998545105,361,162,22,11
MERT-v1-95M,768,2,2,3,1+3+4,1,1.0,1.0,1.0,1.0,0.24164973799997824,0.023487462000048254,655,162,33,11
MERT-v1-95M,768,2,2,3,1+3+5,2,0.9938271604938271,0.9922827596851367,1.0,1.0,0.24491597699989143,0.007379322999895521,636,162,33,11
MERT-v1-95M,768,2,2,3,1+4+5,3,0.9814814814814815,0.9836247510271281,1.0,1.0,0.29269381800008887,0.007676354000068386,585,162,33,11
MERT-v1-95M,768,2,2,3,3+4+5,4,0.9938271604938271,0.9956685401949156,1.0,1.0,0.24810736399990674,0.0036916300000484625,602,162,33,11
MERT-v1-95M,768,2,2,4,1+3+4+5,1,0.9938271604938271,0.9922827596851367,1.0,1.0,0.31347561500001575,0.009468585000149687,826,162,44,11
MERT-v1-95M,768,3,3,1,1,1,0.946058091286307,0.9328300737875206,1.0,1.0,0.1849923029999445,0.007663234000119701,224,241,11,11
MERT-v1-95M,768,3,3,1,2,2,0.966804979253112,0.9699825793948885,1.0,1.0,0.3630776929999229,0.003685959999984334,162,241,11,11
MERT-v1-95M,768,3,3,1,4,3,0.8589211618257261,0.8726974612137433,1.0,1.0,0.40706876299987016,0.007817423000005874,190,241,11,11
MERT-v1-95M,768,3,3,1,5,4,0.9336099585062241,0.9325897163056417,1.0,1.0,0.17117374200006452,0.011828887999854487,171,241,11,11
MERT-v1-95M,768,3,3,2,1+2,1,0.991701244813278,0.9906801327798146,1.0,1.0,0.34429433300010714,0.00832992400000876,386,241,22,11
MERT-v1-95M,768,3,3,2,1+4,2,0.9626556016597511,0.9676557324566264,1.0,1.0,0.291319096000052,0.003661885999918013,414,241,22,11
MERT-v1-95M,768,3,3,2,1+5,3,0.9585062240663901,0.9597117523755828,1.0,1.0,0.28027287100007925,0.007640800999979547,395,241,22,11
MERT-v1-95M,768,3,3,2,2+4,4,0.975103734439834,0.975853775853776,1.0,1.0,0.17604120600003625,0.0036416060002011363,352,241,22,11
MERT-v1-95M,768,3,3,2,2+5,5,0.975103734439834,0.9789193149658267,1.0,1.0,0.19989997000016047,0.01576505000002726,333,241,22,11
MERT-v1-95M,768,3,3,2,4+5,6,0.9875518672199171,0.9863551083063278,1.0,1.0,0.18398333499999353,0.002894405999995797,361,241,22,11
MERT-v1-95M,768,3,3,3,1+2+4,1,0.9875518672199171,0.9862230526310349,1.0,1.0,0.2069809100000839,0.011639276000096288,576,241,33,11
MERT-v1-95M,768,3,3,3,1+2+5,2,0.995850622406639,0.995451702768776,1.0,1.0,0.24824161199990158,0.0037260510000578506,557,241,33,11
MERT-v1-95M,768,3,3,3,1+4+5,3,0.991701244813278,0.990909090909091,1.0,1.0,0.23945736799987571,0.003718250000019907,585,241,33,11
MERT-v1-95M,768,3,3,3,2+4+5,4,0.991701244813278,0.990909090909091,1.0,1.0,0.20133153999995557,0.007713323999951172,523,241,33,11
MERT-v1-95M,768,3,3,4,1+2+4+5,1,0.991701244813278,0.990909090909091,1.0,1.0,0.22389093499987212,0.003169614999933401,747,241,44,11
MERT-v1-95M,768,4,4,1,1,1,0.968421052631579,0.9626506826506827,1.0,1.0,0.1620035100002042,0.007630966000078843,224,190,11,11
MERT-v1-95M,768,4,4,1,2,2,0.9631578947368421,0.9538762184384185,1.0,1.0,0.33197516300015195,0.007761691000041537,162,190,11,11
MERT-v1-95M,768,4,4,1,3,3,0.9368421052631579,0.917641322263171,1.0,1.0,0.13033951800002797,0.003760632000194164,241,190,11,11
MERT-v1-95M,768,4,4,1,5,4,0.9105263157894737,0.9013779826692198,1.0,1.0,0.16021521600009692,0.001935542999945028,171,190,11,11
MERT-v1-95M,768,4,4,2,1+2,1,0.9842105263157894,0.976746070328958,1.0,1.0,0.24284525299981397,0.0017424760001176764,386,190,22,11
MERT-v1-95M,768,4,4,2,1+3,2,0.9842105263157894,0.978692303367628,1.0,1.0,0.2139104740001585,0.003748594000171579,465,190,22,11
MERT-v1-95M,768,4,4,2,1+5,3,0.9473684210526315,0.9457224211998849,1.0,1.0,0.17891049500008194,0.0037397709998003847,395,190,22,11
MERT-v1-95M,768,4,4,2,2+3,4,0.9894736842105263,0.9835868169543102,1.0,1.0,0.15518845900010092,0.0035451019998617994,403,190,22,11
MERT-v1-95M,768,4,4,2,2+5,5,0.9736842105263158,0.9688562847562455,1.0,1.0,0.1572259550000581,0.007696193999890966,333,190,22,11
MERT-v1-95M,768,4,4,2,3+5,6,0.9736842105263158,0.9684728713781798,1.0,1.0,0.17237872000009702,0.0035819060001358594,412,190,22,11
MERT-v1-95M,768,4,4,3,1+2+3,1,0.9947368421052631,0.9911517054374198,1.0,1.0,0.20928140499995607,0.0038746610000544024,627,190,33,11
MERT-v1-95M,768,4,4,3,1+2+5,2,0.9894736842105263,0.9860350384414556,1.0,1.0,0.28103042099996856,0.0077171650000309455,557,190,33,11
MERT-v1-95M,768,4,4,3,1+3+5,3,0.9894736842105263,0.9873966942148761,1.0,1.0,0.19715516999985994,0.0017385500000273169,636,190,33,11
MERT-v1-95M,768,4,4,3,2+3+5,4,0.9947368421052631,0.995325702642776,1.0,1.0,0.22221506699997917,0.003713771999855453,574,190,33,11
MERT-v1-95M,768,4,4,4,1+2+3+5,1,1.0,1.0,1.0,1.0,0.19404802999997628,0.006065002000013919,798,190,44,11
MERT-v1-95M,768,5,5,1,1,1,0.9005847953216374,0.8854947329492053,1.0,1.0,0.1409713020000254,0.007727148999947531,224,171,11,11
MERT-v1-95M,768,5,5,1,2,2,0.9415204678362573,0.9381217728486155,1.0,1.0,0.4879087530000561,0.0014625010001054761,162,171,11,11
MERT-v1-95M,768,5,5,1,3,3,0.935672514619883,0.923395730049075,1.0,1.0,0.19669587400017008,0.001850315999945451,241,171,11,11
MERT-v1-95M,768,5,5,1,4,4,0.8947368421052632,0.8864823845456257,1.0,1.0,0.5482089759998416,0.007772587000090425,190,171,11,11
MERT-v1-95M,768,5,5,2,1+2,1,0.935672514619883,0.9255627160336214,1.0,1.0,0.28929791199993815,0.0017451210001127038,386,171,22,11
MERT-v1-95M,768,5,5,2,1+3,2,0.9415204678362573,0.9324021827661362,1.0,1.0,0.2617393179998544,0.007654041000023426,465,171,22,11
MERT-v1-95M,768,5,5,2,1+4,3,0.9064327485380117,0.8947989756981429,1.0,1.0,0.2830689770000845,0.001627615999950649,414,171,22,11
MERT-v1-95M,768,5,5,2,2+3,4,0.9473684210526315,0.9402750347450808,1.0,1.0,0.2703470639999068,0.007693188000075679,403,171,22,11
MERT-v1-95M,768,5,5,2,2+4,5,0.9473684210526315,0.9407976248350579,1.0,1.0,0.23366713999985222,0.023819454999966183,352,171,22,11
MERT-v1-95M,768,5,5,2,3+4,6,0.9649122807017544,0.9621947901595885,1.0,1.0,0.29720810300000267,0.007584216999930504,431,171,22,11
MERT-v1-95M,768,5,5,3,1+2+3,1,0.9415204678362573,0.9332368600714017,1.0,1.0,0.16421088700008113,0.00764224399995328,627,171,33,11
MERT-v1-95M,768,5,5,3,1+2+4,2,0.935672514619883,0.9250332200894378,1.0,1.0,0.24932817099988824,0.0017994009999711125,576,171,33,11
MERT-v1-95M,768,5,5,3,1+3+4,3,0.9707602339181286,0.9695768817522065,1.0,1.0,0.27380680400005986,0.02302772100006223,655,171,33,11
MERT-v1-95M,768,5,5,3,2+3+4,4,0.9649122807017544,0.9630781532080234,1.0,1.0,0.33423319500002435,0.0014829809999810095,593,171,33,11
MERT-v1-95M,768,5,5,4,1+2+3+4,1,0.9649122807017544,0.9630781532080234,1.0,1.0,0.3338069670001005,0.0014476790001936024,817,171,44,11
