segment_id,recording_id,instrument_id,instrument,prediction
erhu_r5_s001,erhu_r5,1,Erhu,1
erhu_r5_s002,erhu_r5,1,Erhu,1
erhu_r5_s003,erhu_r5,1,Erhu,1
erhu_r5_s004,erhu_r5,1,Erhu,1
erhu_r5_s005,erhu_r5,1,Erhu,1
erhu_r5_s006,erhu_r5,1,Erhu,1
erhu_r5_s007,erhu_r5,1,Erhu,1
erhu_r5_s008,erhu_r5,1,Erhu,1
erhu_r5_s009,erhu_r5,1,Erhu,1
erhu_r5_s010,erhu_r5,1,Erhu,1
erhu_r5_s011,erhu_r5,1,Erhu,1
erhu_r5_s012,erhu_r5,1,Erhu,1
erhu_r5_s013,erhu_r5,1,Erhu,1
erhu_r5_s014,erhu_r5,1,Erhu,1
erhu_r5_s015,erhu_r5,1,Erhu,1
erhu_r5_s016,erhu_r5,1,Erhu,1
erhu_r5_s017,erhu_r5,1,Erhu,1
erhu_r5_s018,erhu_r5,1,Erhu,1
erhu_r5_s019,erhu_r5,1,Erhu,1
erhu_r5_s020,erhu_r5,1,Erhu,1
erhu_r5_s021,erhu_r5,1,Erhu,1
erhu_r5_s022,erhu_r5,1,Erhu,1
erhu_r5_s023,erhu_r5,1,Erhu,1
erhu_r5_s024,erhu_r5,1,Erhu,1
erhu_r5_s025,erhu_r5,1,Erhu,1
erhu_r5_s026,erhu_r5,1,Erhu,1
pipa_r5_s001,pipa_r5,2,Pipa,2
pipa_r5_s002,pipa_r5,2,Pipa,2
pipa_r5_s003,pipa_r5,2,Pipa,2
pipa_r5_s004,pipa_r5,2,Pipa,2
pipa_r5_s005,pipa_r5,2,Pipa,2
pipa_r5_s006,pipa_r5,2,Pipa,2
pipa_r5_s007,pipa_r5,2,Pipa,2
pipa_r5_s008,pipa_r5,2,Pipa,2
pipa_r5_s009,pipa_r5,2,Pipa,2
pipa_r5_s010,pipa_r5,2,Pipa,2
pipa_r5_s011,pipa_r5,2,Pipa,2
pipa_r5_s012,pipa_r5,2,Pipa,2
pipa_r5_s013,pipa_r5,2,Pipa,2
sanxian_r5_s001,sanxian_r5,3,Sanxian,3
sanxian_r5_s002,sanxian_r5,3,Sanxian,3
sanxian_r5_s003,sanxian_r5,3,Sanxian,3
sanxian_r5_s004,sanxian_r5,3,Sanxian,3
sanxian_r5_s005,sanxian_r5,3,Sanxian,3
sanxian_r5_s006,sanxian_r5,3,Sanxian,3
sanxian_r5_s007,sanxian_r5,3,Sanxian,3
sanxian_r5_s008,sanxian_r5,3,Sanxian,3
sanxian_r5_s009,sanxian_r5,3,Sanxian,3
sanxian_r5_s010,sanxian_r5,3,Sanxian,3
sanxian_r5_s011,sanxian_r5,3,Sanxian,3
sanxian_r5_s012,sanxian_r5,3,Sanxian,3
sanxian_r5_s013,sanxian_r5,3,Sanxian,3
sanxian_r5_s014,sanxian_r5,3,Sanxian,3
sanxian_r5_s015,sanxian_r5,3,Sanxian,3
sanxian_r5_s016,sanxian_r5,3,Sanxian,3
dizi_r5_s001,dizi_r5,4,Dizi,11
dizi_r5_s002,dizi_r5,4,Dizi,4
dizi_r5_s003,dizi_r5,4,Dizi,4
dizi_r5_s004,dizi_r5,4,Dizi,4
dizi_r5_s005,dizi_r5,4,Dizi,4
dizi_r5_s006,dizi_r5,4,Dizi,4
dizi_r5_s007,dizi_r5,4,Dizi,4
dizi_r5_s008,dizi_r5,4,Dizi,4
dizi_r5_s009,dizi_r5,4,Dizi,4
dizi_r5_s010,dizi_r5,4,Dizi,4
dizi_r5_s011,dizi_r5,4,Dizi,4
dizi_r5_s012,dizi_r5,4,Dizi,4
dizi_r5_s013,dizi_r5,4,Dizi,4
dizi_r5_s014,dizi_r5,4,Dizi,5
dizi_r5_s015,dizi_r5,4,Dizi,4
dizi_r5_s016,dizi_r5,4,Dizi,4
dizi_r5_s017,dizi_r5,4,Dizi,5
dizi_r5_s018,dizi_r5,4,Dizi,4
suona_r5_s001,suona_r5,5,Suona,5
suona_r5_s002,suona_r5,5,Suona,5
suona_r5_s003,suona_r5,5,Suona,5
suona_r5_s004,suona_r5,5,Suona,5
suona_r5_s005,suona_r5,5,Suona,5
suona_r5_s006,suona_r5,5,Suona,5
suona_r5_s007,suona_r5,5,Suona,5
suona_r5_s008,suona_r5,5,Suona,5
suona_r5_s009,suona_r5,5,Suona,5
zhuiqin_r5_s001,zhuiqin_r5,6,Zhuiqin,6
zhuiqin_r5_s002,zhuiqin_r5,6,Zhuiqin,6
zhuiqin_r5_s003,zhuiqin_r5,6,Zhuiqin,6
zhuiqin_r5_s004,zhuiqin_r5,6,Zhuiqin,6
zhuiqin_r5_s005,zhuiqin_r5,6,Zhuiqin,6
zhuiqin_r5_s006,zhuiqin_r5,6,Zhuiqin,6
zhuiqin_r5_s007,zhuiqin_r5,6,Zhuiqin,6
zhongruan_r5_s001,zhongruan_r5,7,Zhongruan,7
zhongruan_r5_s002,zhongruan_r5,7,Zhongruan,7
zhongruan_r5_s003,zhongruan_r5,7,Zhongruan,7
zhongruan_r5_s004,zhongruan_r5,7,Zhongruan,7
zhongruan_r5_s005,zhongruan_r5,7,Zhongruan,7
zhongruan_r5_s006,zhongruan_r5,7,Zhongruan,7
zhongruan_r5_s007,zhongruan_r5,7,Zhongruan,7
zhongruan_r5_s008,zhongruan_r5,7,Zhongruan,7
zhongruan_r5_s009,zhongruan_r5,7,Zhongruan,7
zhongruan_r5_s010,zhongruan_r5,7,Zhongruan,7
zhongruan_r5_s011,zhongruan_r5,7,Zhongruan,7
zhongruan_r5_s012,zhongruan_r5,7,Zhongruan,7
zhongruan_r5_s013,zhongruan_r5,7,Zhongruan,7
zhongruan_r5_s014,zhongruan_r5,7,Zhongruan,7
zhongruan_r5_s015,zhongruan_r5,7,Zhongruan,7
zhongruan_r5_s016,zhongruan_r5,7,Zhongruan,7
zhongruan_r5_s017,zhongruan_r5,7,Zhongruan,7
zhongruan_r5_s018,zhongruan_r5,7,Zhongruan,7
zhongruan_r5_s019,zhongruan_r5,7,Zhongruan,7
zhongruan_r5_s020,zhongruan_r5,7,Zhongruan,7
liuqin_r5_s001,liuqin_r5,8,Liuqin,8
liuqin_r5_s002,liuqin_r5,8,Liuqin,8
liuqin_r5_s003,liuqin_r5,8,Liuqin,8
liuqin_r5_s004,liuqin_r5,8,Liuqin,8
liuqin_r5_s005,liuqin_r5,8,Liuqin,8
liuqin_r5_s006,liuqin_r5,8,Liuqin,8
liuqin_r5_s007,liuqin_r5,8,Liuqin,8
guzheng_r5_s001,guzheng_r5,9,Guzheng,9
guzheng_r5_s002,guzheng_r5,9,Guzheng,9
guzheng_r5_s003,guzheng_r5,9,Guzheng,9
guzheng_r5_s004,guzheng_r5,9,Guzheng,9
guzheng_r5_s005,guzheng_r5,9,Guzheng,9
guzheng_r5_s006,guzheng_r5,9,Guzheng,9
guzheng_r5_s007,guzheng_r5,9,Guzheng,9
guzheng_r5_s008,guzheng_r5,9,Guzheng,9
guzheng_r5_s009,guzheng_r5,9,Guzheng,9
guzheng_r5_s010,guzheng_r5,9,Guzheng,9
guzheng_r5_s011,guzheng_r5,9,Guzheng,9
guzheng_r5_s012,guzheng_r5,9,Guzheng,9
guzheng_r5_s013,guzheng_r5,9,Guzheng,9
guzheng_r5_s014,guzheng_r5,9,Guzheng,9
guzheng_r5_s015,guzheng_r5,9,Guzheng,9
yangqin_r5_s001,yangqin_r5,10,Yangqin,10
yangqin_r5_s002,yangqin_r5,10,Yangqin,10
yangqin_r5_s003,yangqin_r5,10,Yangqin,2
yangqin_r5_s004,yangqin_r5,10,Yangqin,10
yangqin_r5_s005,yangqin_r5,10,Yangqin,10
yangqin_r5_s006,yangqin_r5,10,Yangqin,3
yangqin_r5_s007,yangqin_r5,10,Yangqin,10
yangqin_r5_s008,yangqin_r5,10,Yangqin,4
yangqin_r5_s009,yangqin_r5,10,Yangqin,4
yangqin_r5_s010,yangqin_r5,10,Yangqin,10
yangqin_r5_s011,yangqin_r5,10,Yangqin,9
yangqin_r5_s012,yangqin_r5,10,Yangqin,10
yangqin_r5_s013,yangqin_r5,10,Yangqin,10
yangqin_r5_s014,yangqin_r5,10,Yangqin,10
sheng_r5_s001,sheng_r5,11,Sheng,9
sheng_r5_s002,sheng_r5,11,Sheng,11
sheng_r5_s003,sheng_r5,11,Sheng,11
sheng_r5_s004,sheng_r5,11,Sheng,11
sheng_r5_s005,sheng_r5,11,Sheng,11
sheng_r5_s006,sheng_r5,11,Sheng,11
sheng_r5_s007,sheng_r5,11,Sheng,2
sheng_r5_s008,sheng_r5,11,Sheng,11
sheng_r5_s009,sheng_r5,11,Sheng,11
sheng_r5_s010,sheng_r5,11,Sheng,11
sheng_r5_s011,sheng_r5,11,Sheng,11
sheng_r5_s012,sheng_r5,11,Sheng,11
sheng_r5_s013,sheng_r5,11,Sheng,11
sheng_r5_s014,sheng_r5,11,Sheng,11
sheng_r5_s015,sheng_r5,11,Sheng,11
sheng_r5_s016,sheng_r5,11,Sheng,11
sheng_r5_s017,sheng_r5,11,Sheng,11
sheng_r5_s018,sheng_r5,11,Sheng,11
sheng_r5_s019,sheng_r5,11,Sheng,11
sheng_r5_s020,sheng_r5,11,Sheng,11
sheng_r5_s021,sheng_r5,11,Sheng,11
sheng_r5_s022,sheng_r5,11,Sheng,11
sheng_r5_s023,sheng_r5,11,Sheng,11
sheng_r5_s024,sheng_r5,11,Sheng,11
sheng_r5_s025,sheng_r5,11,Sheng,11
sheng_r5_s026,sheng_r5,11,Sheng,11
